Month,Ashburton District,Auckland,Buller District,Carterton District,Central Hawkes Bay District,Central Otago District,Christchurch,Clutha District,Dunedin,Far North District,Franklin District,Gisborne District,Gore District,Grey District,Hamilton,Hastings District,Hauraki District,Horowhenua District,Hurunui District,Invercargill,Kaikoura District,Kaipara District,Kapiti Coast District,Kawerau District,Lower Hutt,Mackenzie District,Manawatu District,Manukau,Marlborough District,Masterton District,Matamata-Piako District,Napier,National Total,Nelson,New Plymouth District,North Shore,Opotiki District,Otorohanga District,Palmerston North,Papakura District,Porirua,Queenstown-Lakes District,Rangitikei District,Rodney District,Rotorua District,Ruapehu District,Selwyn District,South Taranaki District,South Waikato District,South Wairarapa District,Southland District,Stratford District,Tararua District,Tasman District,Taupo District,Tauranga District,Thames-Coromandel District,Timaru District,Upper Hutt,Waikato District,Waimakariri District,Waimate District,Waipa District,Wairoa District,Waitakere,Waitaki District,Waitomo District,Wanganui District,Wellington,Western Bay Of Plenty District,Westland District,Whakatane District,Whangarei District
1/01/1993,108,184,86,86,NA,90,144,72,134,124,161,119,84,99,134,127,107,119,78,92,85,90,148,117,145,NA,121,188,131,114,111,133,146,145,124,199,102,NA,154,166,156,168,91,143,127,91,126,101,98,112,107,90,94,129,121,149,123,102,156,110,149,NA,136,88,172,90,87,122,183,124,NA,123,119
1/02/1993,96,187,78,86,98,100,149,70,152,119,146,118,96,114,133,133,123,120,NA,101,NA,101,152,115,158,NA,120,177,125,105,115,137,149,147,121,204,NA,NA,151,164,158,155,88,156,129,86,128,94,100,108,62,84,96,135,124,147,131,106,157,105,145,85,130,100,179,80,88,115,181,133,NA,125,121
1/03/1993,103,179,86,97,116,100,149,69,158,105,140,115,87,103,134,134,116,115,58,93,NA,102,150,113,157,NA,128,181,129,115,112,139,148,145,137,202,100,NA,150,166,172,152,99,150,126,82,149,114,97,105,55,98,97,119,127,149,121,97,143,101,145,NA,133,71,180,73,74,115,183,118,110,112,119
1/04/1993,113,185,84,91,100,110,145,82,144,114,152,117,80,109,133,135,122,119,NA,96,91,115,143,98,164,63,118,173,127,110,118,138,148,146,127,210,107,NA,158,171,162,159,88,157,121,82,120,98,90,101,69,89,81,130,128,148,118,101,150,104,135,95,133,88,177,72,85,114,180,134,115,133,119
1/05/1993,120,190,75,94,104,107,145,76,133,118,151,116,85,100,138,140,96,120,112,100,96,95,150,114,158,NA,125,181,125,111,107,142,148,150,131,205,116,NA,144,170,157,152,93,156,124,91,109,98,104,101,82,87,99,149,129,150,120,104,137,107,139,75,134,92,181,73,79,115,191,125,NA,124,119
1/06/1993,93,182,93,115,117,108,147,76,122,114,150,119,87,102,137,135,121,123,97,102,NA,84,146,108,156,77,119,178,124,108,114,142,148,150,129,199,78,NA,150,178,169,156,108,159,125,92,131,101,100,88,64,100,101,136,132,150,121,105,148,107,140,NA,133,71,179,92,85,121,190,121,NA,128,120
1/07/1993,120,194,90,95,111,97,149,76,131,111,149,125,90,111,135,132,105,119,78,103,119,98,141,121,165,NA,132,185,128,114,109,138,150,144,128,207,102,NA,141,176,163,163,94,159,126,92,114,86,102,105,71,83,98,121,121,148,122,102,150,109,142,NA,132,91,178,83,85,118,184,130,92,124,114
1/08/1993,117,192,93,109,117,106,143,73,131,112,152,123,92,103,134,140,111,123,81,102,108,97,141,119,154,73,125,187,127,112,116,141,149,148,136,208,NA,89,141,174,149,195,99,157,127,94,123,104,110,105,62,95,92,138,125,152,120,112,143,104,140,92,137,99,182,83,69,116,185,128,120,129,123
1/09/1993,114,191,61,99,121,105,146,84,132,113,153,124,94,108,134,142,122,116,NA,104,105,114,142,99,153,64,137,181,130,114,111,152,150,149,128,209,110,NA,146,177,168,179,95,164,131,88,154,107,104,105,87,96,104,140,127,148,129,102,131,104,140,NA,135,89,179,97,98,113,186,130,108,134,118
1/10/1993,113,194,93,114,88,110,145,84,152,112,157,127,88,111,143,141,117,124,47,98,NA,89,141,109,158,NA,133,186,132,109,114,143,152,150,127,208,106,NA,153,171,159,170,101,160,126,88,126,95,102,103,71,92,100,131,131,153,127,107,155,110,131,NA,125,92,183,85,NA,116,182,135,114,135,121
1/11/1993,110,188,90,102,116,114,147,100,152,118,157,121,85,127,142,138,116,116,100,108,81,89,145,112,159,68,123,184,129,106,116,145,153,154,132,211,102,110,155,181,159,174,101,167,128,86,140,112,107,107,83,95,102,135,119,156,126,109,162,108,138,NA,133,97,181,99,98,119,178,134,NA,128,126
1/12/1993,110,200,104,111,99,117,145,77,149,123,149,130,95,124,142,142,122,122,NA,111,NA,89,148,84,172,NA,139,188,137,113,116,141,156,148,136,209,119,NA,156,175,181,186,115,165,128,106,86,116,100,111,100,94,109,137,122,152,130,103,147,110,138,91,138,NA,192,99,115,114,187,133,99,130,126
1/01/1994,123,195,71,91,99,105,150,69,143,109,145,129,107,111,139,139,112,120,88,99,76,100,150,116,150,NA,130,191,134,103,117,145,154,148,131,216,NA,NA,155,189,167,158,98,169,130,98,140,113,107,95,118,99,94,125,128,157,123,106,146,100,143,NA,137,74,183,91,90,121,191,133,NA,139,129
1/02/1994,100,195,76,107,103,106,152,71,149,118,149,130,87,101,138,136,116,115,69,102,87,92,150,118,173,NA,134,196,125,114,121,147,153,150,134,207,118,NA,160,179,169,171,100,171,133,85,125,92,103,110,80,91,107,130,121,155,128,104,147,111,139,NA,126,80,179,85,NA,120,187,132,111,121,116
1/03/1994,104,204,78,88,114,96,153,74,150,114,151,124,88,116,140,141,121,126,74,108,NA,112,141,101,162,49,127,191,131,112,120,140,156,151,128,218,112,NA,158,173,166,184,93,160,127,93,143,105,108,110,74,94,94,134,125,151,117,103,157,109,142,NA,136,86,189,96,87,116,190,135,117,134,127
1/04/1994,113,200,79,103,109,96,152,89,144,110,150,133,98,117,140,142,113,118,NA,108,NA,106,140,117,158,NA,131,194,130,109,118,142,156,150,131,217,96,117,163,182,164,175,104,175,131,90,122,112,97,105,79,91,102,144,131,155,125,105,159,106,148,100,134,NA,186,91,71,115,198,132,134,138,128
1/05/1994,108,205,105,108,119,107,148,90,145,118,155,136,93,101,142,144,123,116,77,109,NA,105,149,115,166,NA,131,196,126,112,115,148,157,151,132,223,NA,NA,145,177,175,178,96,174,134,99,147,106,106,104,78,98,98,126,137,158,116,103,154,103,144,89,138,69,192,96,90,116,184,135,94,140,126
1/06/1994,109,207,109,113,108,109,151,75,138,121,158,129,103,116,148,140,106,115,83,103,111,85,147,120,166,76,132,204,129,111,123,147,157,151,134,222,103,NA,151,181,164,169,111,171,136,102,135,112,109,105,75,99,111,132,123,161,126,113,156,112,134,NA,135,90,191,87,93,114,187,133,NA,123,125
1/07/1994,112,211,99,116,105,118,150,89,138,125,154,134,89,125,142,144,124,123,NA,109,128,112,153,125,158,54,145,197,135,107,116,148,157,152,139,230,NA,NA,142,183,147,180,99,172,133,109,96,111,110,NA,77,103,98,127,137,158,126,104,152,115,134,93,132,94,189,96,95,119,189,137,113,137,126
1/08/1994,116,206,116,103,120,112,149,77,133,127,153,131,94,109,147,139,121,116,58,109,NA,94,147,119,163,92,125,200,132,115,118,145,158,151,134,222,108,113,147,179,161,180,104,176,135,90,144,112,110,109,89,93,94,141,127,156,131,104,147,116,139,NA,139,103,194,104,110,120,191,131,101,124,129
1/09/1994,115,212,99,112,117,109,149,74,133,124,158,128,96,118,144,142,113,120,87,109,109,96,147,117,167,NA,136,200,131,116,125,147,159,156,138,226,109,NA,148,187,174,191,102,177,134,93,129,110,99,112,90,94,110,142,130,161,113,104,154,105,135,81,139,108,188,101,101,120,193,134,102,130,128
1/10/1994,113,219,105,113,119,114,149,76,168,118,151,131,96,124,144,141,121,122,97,110,103,90,145,134,158,78,131,189,132,113,122,146,159,153,138,225,NA,NA,152,184,167,188,109,165,138,88,147,108,107,94,88,76,101,139,134,161,124,111,141,104,145,89,133,94,197,100,101,122,196,126,NA,127,129
1/11/1994,107,214,109,98,123,106,152,79,148,128,164,134,99,124,149,143,123,117,104,113,NA,94,149,125,167,NA,134,206,137,113,115,147,161,157,137,234,NA,NA,157,186,171,201,108,186,135,93,119,115,112,96,98,96,102,138,128,159,126,104,141,108,151,110,134,102,199,106,84,119,201,144,126,139,131
1/12/1994,107,227,105,108,108,112,159,86,145,137,163,134,93,122,152,143,122,127,110,110,NA,93,151,105,168,70,137,206,131,116,123,146,164,147,133,240,NA,114,146,186,160,179,105,183,138,87,116,113,111,99,78,103,100,143,120,160,135,113,162,105,148,104,149,107,199,92,101,118,196,143,130,135,132
1/01/1995,108,220,100,97,106,111,159,75,158,123,162,137,103,113,149,144,121,123,90,113,102,97,156,126,161,105,126,205,140,112,114,150,164,147,140,237,93,NA,161,182,179,183,90,184,136,86,143,113,116,NA,85,98,102,137,127,167,133,106,157,117,142,90,149,94,206,100,NA,123,195,133,101,125,131
1/02/1995,106,233,101,100,113,106,161,80,144,117,159,129,98,108,149,141,115,123,NA,115,105,101,157,117,166,NA,133,210,134,118,115,147,162,153,132,229,110,105,157,181,172,187,97,189,140,87,116,107,107,89,91,88,106,129,133,166,127,105,151,120,150,98,142,78,203,103,121,123,196,139,81,136,132
1/03/1995,115,229,107,104,125,123,157,85,150,125,161,134,94,111,153,145,118,125,61,109,NA,118,157,116,169,73,133,212,141,113,114,149,165,149,137,240,113,NA,170,195,176,197,100,182,136,96,139,103,109,103,82,100,101,127,123,165,133,108,152,109,141,79,141,88,210,102,83,118,203,134,97,134,129
1/04/1995,110,230,116,106,119,121,163,78,151,123,163,138,94,103,152,147,112,122,NA,111,NA,90,157,127,171,73,127,206,129,119,122,149,165,159,139,246,103,NA,159,193,172,196,97,213,141,101,185,108,112,107,104,98,107,145,144,160,126,108,148,112,138,78,146,95,203,99,101,118,196,138,NA,127,129
1/05/1995,118,239,117,115,121,115,159,93,143,121,162,135,102,119,155,147,121,124,113,111,106,108,152,121,176,84,136,218,136,112,121,153,170,158,135,247,104,99,154,195,174,191,106,186,142,93,171,114,116,101,87,102,106,133,135,168,130,109,152,115,154,91,146,107,209,104,87,122,205,137,108,136,134
1/06/1995,126,239,91,104,117,106,158,89,140,119,169,133,105,112,157,141,123,123,105,117,121,115,147,116,167,NA,133,220,136,115,124,152,166,159,143,249,NA,121,155,204,170,194,87,201,139,100,168,114,112,115,79,105,106,146,139,168,127,105,155,115,157,97,149,111,216,104,98,125,202,131,117,138,135
1/07/1995,116,237,97,117,120,111,159,99,144,120,163,139,102,120,157,151,130,124,129,117,114,99,151,123,161,NA,132,218,139,114,130,155,169,164,136,243,100,NA,155,195,181,194,97,204,137,105,151,119,111,91,87,105,103,142,136,169,138,110,157,114,147,85,139,83,221,108,96,121,204,144,124,129,132
1/08/1995,115,242,109,116,119,108,161,77,143,123,160,133,103,120,160,144,128,123,115,110,NA,99,156,127,169,NA,129,222,138,116,126,151,170,160,143,252,109,134,156,209,157,212,103,205,141,110,188,118,114,106,82,90,99,148,137,171,127,111,167,115,163,100,139,102,221,112,93,123,201,143,129,131,136
1/09/1995,114,251,101,114,111,102,162,80,151,127,167,140,101,113,158,148,124,123,117,115,118,114,161,121,175,83,131,223,139,116,127,150,173,161,145,258,120,108,156,206,178,198,104,208,143,98,164,112,113,110,88,106,110,142,149,171,134,111,160,130,146,89,146,97,228,110,NA,123,205,142,132,129,132
1/10/1995,111,251,108,119,124,133,162,105,154,123,164,137,99,122,160,150,130,118,112,120,NA,104,156,115,171,NA,131,226,139,113,132,154,174,153,142,256,113,106,156,199,185,194,106,202,145,99,178,109,96,115,80,95,109,144,141,173,137,108,160,120,158,80,148,110,223,107,104,119,207,136,124,142,135
1/11/1995,107,246,117,NA,111,123,166,105,153,129,177,138,109,124,165,147,132,123,105,114,NA,104,151,127,171,83,143,229,138,114,128,151,173,160,137,269,102,NA,169,212,174,192,107,214,146,94,127,108,111,122,95,101,104,136,142,174,137,116,151,112,146,105,152,105,226,107,102,121,209,139,115,134,129
1/12/1995,122,256,NA,123,125,108,167,80,153,131,180,143,102,120,165,146,119,125,129,125,NA,115,164,121,176,NA,130,236,145,113,130,152,180,150,142,269,NA,NA,160,210,182,200,102,215,146,103,160,108,113,99,100,108,106,146,146,164,136,113,160,116,153,87,144,87,229,107,112,121,211,144,NA,139,141
1/01/1996,121,255,107,113,136,118,167,94,163,130,180,141,105,120,160,152,125,130,136,112,119,117,162,110,168,105,128,222,131,121,133,152,177,153,148,267,NA,NA,151,214,185,203,95,207,144,95,170,120,118,127,79,87,108,137,152,183,139,116,160,118,162,NA,146,97,232,110,106,120,218,151,144,128,139
1/02/1996,102,258,103,117,129,113,168,69,145,121,184,145,87,113,169,150,128,125,77,120,NA,95,159,123,173,84,137,239,138,112,120,157,175,156,146,261,114,109,155,220,187,177,106,207,145,96,137,110,107,108,77,107,99,137,139,176,144,115,161,116,159,91,141,98,235,98,97,123,213,158,116,135,142
1/03/1996,114,265,100,97,117,109,172,90,151,108,182,144,108,131,171,153,132,121,119,117,73,101,170,118,172,81,136,248,133,116,131,161,179,166,142,265,123,104,168,225,165,195,101,214,139,103,183,101,110,113,85,104,100,151,142,177,137,113,149,123,159,99,150,85,239,122,109,120,221,143,105,132,139
1/04/1996,115,269,95,94,117,115,169,110,147,133,188,146,117,110,170,155,117,134,81,112,NA,109,166,116,173,69,136,248,149,120,128,163,181,161,151,282,130,124,166,223,181,200,111,212,149,115,158,118,114,116,102,108,97,150,142,178,138,117,154,118,163,90,154,99,251,98,137,124,217,149,NA,139,142
1/05/1996,119,268,101,126,123,116,170,90,150,133,187,142,91,127,173,150,134,124,93,116,111,109,173,127,183,68,143,246,149,118,131,154,182,160,143,273,114,115,159,224,176,189,108,224,148,94,161,107,114,111,88,104,103,145,142,176,143,115,161,126,154,93,154,96,240,119,108,124,224,146,115,138,146
1/06/1996,125,262,92,101,118,111,171,101,141,129,192,142,104,117,170,158,129,131,144,116,NA,108,175,120,176,91,141,250,149,114,131,158,182,164,145,271,121,121,166,227,180,187,116,221,146,110,152,114,114,103,100,109,114,138,156,179,141,109,156,121,162,93,158,106,246,122,92,127,226,155,109,138,138
1/07/1996,121,268,114,103,122,125,172,87,141,135,191,143,97,113,170,152,126,127,106,120,90,101,167,126,179,83,136,237,141,116,128,155,182,162,143,271,125,NA,158,226,186,194,104,230,150,102,179,110,112,118,101,106,97,152,141,183,144,113,160,121,155,99,150,90,247,108,108,122,229,144,124,138,146
1/08/1996,114,267,105,NA,118,113,171,87,136,126,196,144,101,120,169,143,125,123,NA,116,NA,115,171,150,182,NA,140,249,142,117,132,157,182,165,145,274,96,122,154,230,182,191,116,217,145,96,167,117,113,106,93,110,89,141,146,185,140,120,152,126,151,94,158,116,247,118,114,122,225,148,122,159,147
1/09/1996,116,270,101,118,114,124,172,104,156,136,197,142,93,120,171,148,143,122,NA,118,109,112,159,121,180,NA,130,251,141,114,126,157,184,163,148,272,123,108,160,225,168,182,110,220,149,93,168,116,109,122,99,93,97,150,144,183,146,116,163,125,157,84,158,117,251,110,108,122,227,149,120,144,148
1/10/1996,118,278,113,118,115,114,170,92,155,134,214,139,104,120,180,147,136,130,89,119,NA,106,169,123,178,NA,123,254,144,108,133,163,186,161,151,276,102,NA,162,223,189,186,112,217,147,116,173,118,112,114,107,108,93,151,145,182,149,115,154,123,175,94,156,114,247,118,104,124,227,151,126,134,148
1/11/1996,113,273,108,NA,121,122,171,91,148,138,196,134,116,116,171,149,138,134,94,112,NA,113,171,120,178,64,137,251,142,117,133,163,186,154,145,277,130,119,171,230,177,177,104,222,155,106,142,118,113,96,98,107,109,142,140,179,130,117,165,129,169,NA,157,106,251,105,119,125,230,158,101,139,146
1/12/1996,116,267,98,94,122,111,173,94,153,141,207,145,109,113,179,155,135,128,111,120,NA,108,177,129,190,120,136,253,151,126,127,164,187,164,141,274,117,127,167,226,183,174,109,229,155,99,134,115,118,120,115,105,111,159,154,191,152,114,164,137,160,83,160,102,250,104,111,128,235,157,112,154,151
1/01/1997,118,269,97,99,122,119,180,85,153,140,208,143,96,129,176,151,133,132,102,117,109,115,166,129,178,80,141,251,146,119,128,166,184,165,145,274,98,128,165,236,175,159,109,227,157,116,186,114,109,115,86,102,108,161,149,189,142,115,156,118,161,94,150,102,253,113,97,126,231,152,110,145,151
1/02/1997,119,277,102,119,129,114,178,85,143,134,197,138,101,119,177,150,138,123,91,122,128,107,175,123,187,95,129,258,148,113,128,162,186,170,146,274,120,110,165,239,186,175,104,226,152,104,144,120,111,113,71,108,101,149,156,191,147,110,159,135,168,100,154,89,253,107,107,123,233,158,127,148,154
1/03/1997,121,275,96,112,116,114,175,92,144,140,200,131,103,127,179,154,138,129,145,118,NA,132,180,126,176,NA,138,254,141,125,139,160,186,170,143,282,125,130,171,240,178,178,107,228,152,105,187,117,115,109,75,90,93,152,144,191,151,121,152,133,160,95,159,115,253,106,128,120,238,137,143,152,150
1/04/1997,121,276,99,85,118,120,173,94,143,143,213,138,107,124,181,153,141,132,132,118,NA,107,181,123,187,NA,140,258,145,116,135,166,190,168,140,281,129,122,166,239,182,170,119,233,154,109,186,115,122,109,98,110,97,154,157,192,145,113,156,140,171,89,159,105,255,104,118,121,236,153,113,157,162
1/05/1997,122,282,98,106,123,120,174,95,135,136,217,139,103,126,179,154,135,125,123,116,105,101,168,129,184,88,146,262,144,114,135,163,187,169,139,285,130,118,162,230,197,181,118,229,159,105,163,116,114,117,122,107,107,147,150,191,149,121,168,131,170,100,152,121,259,107,122,125,240,156,113,152,157
1/06/1997,130,282,110,122,120,117,172,93,136,148,211,144,96,124,180,152,144,124,130,122,159,106,177,132,187,NA,139,256,147,118,130,167,191,171,144,275,127,127,162,233,197,182,95,227,150,108,194,128,121,106,107,107,99,159,148,192,149,116,164,139,180,94,157,119,252,110,105,122,246,160,123,160,161
1/07/1997,124,272,120,96,118,118,168,92,132,144,207,131,112,134,181,152,139,121,100,122,119,117,178,137,184,99,148,256,144,116,139,168,189,160,141,279,142,145,159,238,186,192,109,226,153,112,182,116,114,121,105,102,102,161,157,193,148,120,171,140,168,72,164,92,254,115,116,123,234,149,127,163,160
1/08/1997,119,275,97,103,122,116,171,99,137,138,203,137,101,121,178,153,141,127,134,116,NA,115,173,128,182,86,143,264,145,113,138,166,189,168,154,267,139,118,152,236,198,171,115,221,162,126,151,129,115,120,104,112,97,159,156,189,154,117,164,137,170,95,159,107,251,108,95,124,239,159,125,151,156
1/09/1997,118,274,126,109,124,122,169,111,143,141,207,146,106,128,176,152,127,124,83,116,NA,111,185,140,184,77,138,254,142,116,135,163,188,166,145,271,135,130,127,240,184,168,114,224,161,105,164,114,118,93,122,110,107,155,158,193,143,120,164,134,156,84,165,90,251,123,127,126,237,170,100,148,158
1/10/1997,122,276,102,112,131,114,173,106,163,149,215,136,96,127,177,156,127,129,87,115,NA,125,179,137,193,92,137,252,147,122,140,164,191,172,151,270,133,120,142,236,181,168,116,220,165,107,153,124,115,111,96,110,100,144,151,194,144,113,164,148,169,95,162,94,245,111,124,120,233,163,120,152,162
1/11/1997,124,275,115,114,121,119,174,91,163,146,213,137,94,117,178,153,129,132,121,111,117,131,181,128,186,91,139,254,147,119,139,169,192,166,147,268,NA,NA,172,237,185,170,107,226,161,103,164,116,119,106,107,104,105,167,157,190,146,118,172,146,171,NA,162,96,248,113,93,122,239,163,118,146,164
1/12/1997,125,264,103,118,120,121,174,94,152,146,205,140,110,131,181,153,136,122,NA,112,NA,104,180,129,193,89,143,253,140,113,135,168,190,161,148,272,131,126,157,244,192,163,98,220,159,120,175,127,120,114,104,100,103,155,155,194,151,117,168,143,162,111,159,106,247,93,114,123,242,169,98,146,152
1/01/1998,112,267,99,NA,124,107,177,84,156,142,217,132,101,132,182,160,150,135,116,113,NA,112,181,132,185,62,133,259,149,124,138,167,189,173,144,275,105,118,166,241,197,158,114,227,157,102,154,126,117,124,76,104,106,164,161,193,146,115,170,139,183,91,171,112,245,95,112,129,243,168,116,153,155
1/02/1998,120,268,98,121,125,120,174,90,144,140,211,136,102,135,177,150,128,128,125,110,138,93,196,127,188,86,134,256,148,119,140,171,188,173,148,274,114,153,164,239,186,160,112,221,155,104,139,113,108,107,92,113,100,160,156,192,155,106,163,132,167,106,155,88,244,94,94,121,245,168,99,146,153
1/03/1998,116,271,109,111,117,120,184,97,151,141,208,145,101,115,181,153,133,132,121,113,152,115,185,121,197,84,135,255,147,122,135,161,191,169,146,278,132,118,168,241,197,159,106,226,157,100,169,111,111,121,90,103,105,153,159,194,145,119,167,139,162,94,162,88,244,94,112,125,247,155,125,135,159
1/04/1998,123,271,107,112,123,114,172,80,140,148,211,143,108,135,174,151,147,130,97,111,NA,130,180,139,180,99,136,253,152,125,133,167,190,172,150,269,125,109,162,233,192,156,103,228,162,99,121,130,118,128,82,111,106,166,159,191,157,106,180,141,172,92,161,99,247,104,NA,129,248,177,117,146,159
1/05/1998,133,268,102,109,128,115,171,95,138,150,202,136,107,127,178,155,140,136,125,116,NA,116,182,118,190,94,147,250,151,121,136,169,188,172,148,268,116,NA,150,247,198,155,101,219,158,113,149,120,113,NA,89,110,99,162,155,191,154,118,167,144,177,105,166,112,245,108,129,122,250,162,102,144,163
1/06/1998,128,270,105,100,125,118,172,107,138,146,212,137,92,111,178,154,143,139,136,115,123,118,190,127,191,111,144,254,145,125,145,167,189,176,141,263,152,NA,160,225,198,168,91,218,159,124,181,121,122,124,106,110,105,161,161,193,139,116,178,147,163,101,163,106,249,102,117,120,241,171,123,151,158
1/07/1998,131,264,106,NA,125,111,171,95,140,140,211,138,97,129,176,157,140,129,152,110,124,133,190,124,199,85,144,250,145,125,134,167,191,173,150,263,132,108,153,232,188,173,101,218,158,110,171,127,119,104,87,107,105,152,156,186,152,116,168,143,164,110,155,114,243,106,100,126,246,167,122,153,163
1/08/1998,113,265,107,121,124,124,165,101,142,145,207,142,96,123,178,160,150,136,132,112,99,144,182,117,182,93,141,249,143,116,136,172,189,169,142,258,141,125,157,233,192,171,111,213,158,114,179,121,120,121,94,113,101,150,157,190,148,116,174,136,162,NA,167,98,240,99,107,128,244,157,101,145,155
1/09/1998,119,266,105,110,124,109,167,92,142,141,209,132,98,126,178,156,140,127,137,110,NA,133,191,123,187,96,128,246,149,117,136,169,188,171,144,259,116,127,155,234,186,149,106,216,156,100,149,116,116,108,100,102,104,160,153,189,145,111,168,144,167,119,164,118,237,92,124,125,242,164,122,144,153
1/10/1998,128,263,116,120,123,106,169,90,168,150,212,138,102,123,182,154,143,124,128,104,144,135,186,135,194,95,140,243,144,122,144,165,190,166,141,261,131,141,152,233,197,150,109,217,160,105,187,120,111,NA,101,102,96,172,156,186,150,118,164,139,160,NA,156,86,238,94,97,126,242,160,110,149,160
1/11/1998,125,261,116,126,122,107,166,101,149,145,209,137,103,137,178,154,135,128,116,105,NA,141,194,124,185,65,135,246,141,127,141,171,189,164,146,260,120,NA,164,233,192,155,106,215,160,99,163,110,116,116,95,109,106,161,152,183,148,117,167,138,169,105,158,110,234,105,110,123,241,167,117,153,157
1/12/1998,126,257,119,123,124,105,172,95,145,156,210,138,99,117,186,155,129,124,116,105,NA,122,176,125,204,NA,146,245,146,122,141,165,189,175,143,256,131,NA,160,224,196,154,108,216,159,106,176,126,124,118,109,105,107,168,158,184,143,114,171,150,163,96,161,113,235,108,117,123,238,159,102,131,160
1/01/1999,118,260,110,NA,120,104,168,82,160,147,196,147,112,113,183,150,145,126,157,111,NA,114,180,122,192,95,145,254,135,121,140,173,187,170,143,252,122,139,161,233,201,163,113,212,157,108,169,115,108,NA,89,104,100,162,159,190,149,115,174,136,170,NA,162,99,233,127,115,121,248,160,97,140,157
1/02/1999,125,261,92,128,104,116,178,84,146,141,211,142,96,122,185,154,120,136,99,107,NA,127,191,123,198,86,138,242,138,123,139,167,189,166,145,259,122,117,165,228,197,159,104,214,160,95,173,119,116,137,77,100,106,147,154,188,147,113,168,145,166,105,169,87,232,98,105,124,253,169,109,140,158
1/03/1999,116,256,96,NA,119,111,172,91,154,136,204,140,94,125,177,151,141,134,93,105,109,128,195,128,195,73,139,241,154,120,142,170,186,167,137,255,132,139,164,226,199,156,114,205,157,111,157,104,114,120,92,101,101,151,152,185,143,113,172,152,170,95,163,114,230,95,136,121,245,165,112,151,155
1/04/1999,118,262,98,126,124,115,175,98,161,145,212,138,103,134,179,162,152,132,106,104,NA,126,182,118,189,68,146,242,144,115,142,170,190,169,141,255,143,NA,170,232,189,154,107,212,157,102,167,114,119,116,75,100,105,155,169,186,148,115,170,141,170,NA,165,93,235,110,127,121,250,161,114,152,153
1/05/1999,133,263,104,108,118,109,148,101,141,143,195,136,87,120,181,154,137,133,86,110,NA,132,192,127,196,90,141,248,152,130,146,168,185,173,143,244,123,117,164,225,191,170,106,208,166,118,184,112,110,121,102,110,92,157,160,185,148,121,181,147,173,95,165,114,233,107,131,126,249,166,124,156,155
1/06/1999,124,262,99,115,122,109,164,107,140,150,210,143,98,124,178,154,148,132,107,105,NA,150,190,124,198,77,144,242,149,121,142,167,186,170,139,253,126,128,157,228,198,193,99,212,152,105,161,118,115,129,115,98,96,155,163,181,161,119,173,150,167,89,165,104,229,112,127,119,244,162,106,146,163
1/07/1999,134,262,92,115,128,108,162,81,140,145,208,139,93,117,177,155,145,137,145,103,135,129,195,123,193,84,142,247,152,125,143,168,190,169,140,261,130,133,157,226,199,217,115,217,160,116,158,111,119,126,91,97,92,153,155,186,152,114,177,140,170,99,164,89,227,104,98,122,253,169,125,144,159
1/08/1999,124,258,104,111,118,107,168,86,139,146,205,137,83,145,177,152,149,130,91,104,130,124,191,128,189,91,150,242,148,129,140,169,189,170,145,256,138,136,161,221,199,220,104,214,158,121,170,119,121,119,84,100,104,155,165,186,143,118,179,137,164,NA,158,95,231,108,108,118,246,164,111,152,158
1/09/1999,125,267,104,128,122,108,159,99,151,144,195,141,100,124,179,157,131,134,113,103,NA,124,184,122,188,101,136,238,145,122,140,170,189,173,140,253,125,149,163,227,204,198,106,223,155,112,148,116,115,132,103,103,105,159,158,182,140,117,168,149,167,93,167,112,234,109,112,121,256,161,122,149,155
1/10/1999,112,257,108,123,123,110,167,97,148,150,197,139,90,115,179,154,141,130,94,108,NA,129,184,121,194,82,145,243,145,126,151,168,188,168,146,255,135,121,162,231,190,181,113,212,156,120,152,117,113,138,97,102,106,161,150,185,147,118,168,153,168,90,163,110,227,105,122,124,251,161,103,165,155
1/11/1999,121,263,88,NA,117,116,161,91,166,154,202,137,87,111,175,147,140,127,132,102,NA,117,198,127,195,88,140,241,145,123,139,168,189,167,141,264,138,112,173,219,195,184,106,211,152,101,166,122,115,105,106,103,98,160,159,184,147,113,174,145,171,92,168,116,224,113,125,125,259,169,112,152,152
1/12/1999,120,263,87,120,122,110,168,92,173,144,192,139,92,131,178,157,140,136,106,107,NA,99,194,123,192,85,140,241,148,124,141,169,190,171,138,257,137,135,171,227,201,179,114,225,155,88,158,116,112,136,94,111,97,174,166,186,141,112,182,148,170,110,164,95,235,118,119,121,247,168,107,153,157
1/01/2000,120,257,95,132,121,106,173,82,157,146,195,141,88,120,182,155,140,127,114,109,150,121,199,121,201,88,151,238,147,132,145,176,189,169,138,265,120,138,159,224,195,180,106,213,157,112,141,112,117,109,90,104,110,161,161,191,156,121,173,133,166,103,169,97,230,108,120,111,256,165,108,148,155
1/02/2000,121,266,91,116,122,120,174,86,150,151,199,141,92,127,181,158,133,124,123,99,NA,136,194,121,193,57,142,242,144,123,134,167,191,176,152,268,121,124,165,221,208,187,117,217,156,108,168,117,114,114,84,112,106,168,167,187,150,113,171,153,165,95,163,108,236,96,128,122,261,166,112,149,159
1/03/2000,116,262,90,126,115,95,177,100,167,149,193,149,87,131,175,156,125,130,147,103,106,130,187,127,197,79,144,245,146,125,141,167,190,169,145,262,104,129,166,219,194,189,98,221,158,108,137,110,112,132,88,104,95,155,159,183,146,114,172,136,172,99,161,97,230,108,113,119,261,173,110,163,157
1/04/2000,131,273,87,123,122,116,171,93,149,146,208,141,92,117,175,160,135,131,154,99,NA,131,192,120,198,97,153,241,156,117,141,171,189,177,138,263,117,127,157,224,211,183,106,223,154,102,190,112,113,119,97,115,100,169,167,188,154,118,170,128,175,NA,150,116,234,108,NA,121,220,166,100,151,153
1/05/2000,129,264,106,135,134,106,166,86,162,147,201,142,92,123,176,159,146,134,127,106,144,137,188,126,198,97,138,243,149,126,144,171,191,174,145,262,138,NA,164,231,205,196,105,218,158,108,184,110,112,135,114,110,105,156,165,184,147,117,174,154,175,88,174,109,240,102,126,123,243,172,105,155,154
1/06/2000,126,268,94,118,125,117,169,107,142,151,202,144,92,122,175,156,149,138,122,106,147,139,193,127,203,80,147,239,150,130,140,172,190,173,145,247,124,138,161,233,198,193,112,212,160,104,185,122,114,117,103,108,104,159,160,187,153,118,177,140,168,NA,163,122,233,91,105,120,253,160,100,147,149
1/07/2000,149,266,88,127,127,112,169,79,139,147,196,148,86,135,177,158,140,126,126,102,166,128,196,119,198,NA,147,245,145,128,138,170,192,172,145,264,121,104,161,229,201,223,109,207,157,139,152,116,107,133,107,105,104,160,154,191,149,121,179,144,167,NA,163,113,235,105,106,119,254,166,105,145,159
1/08/2000,122,265,100,131,128,128,167,79,145,147,196,139,96,125,174,158,144,131,113,99,NA,148,195,116,193,NA,143,245,153,119,144,172,191,164,146,257,128,NA,162,223,201,202,111,223,155,115,188,121,119,131,88,105,105,167,163,189,148,120,169,139,169,112,164,105,236,115,128,122,247,163,107,146,150
1/09/2000,121,268,91,122,124,120,172,94,154,142,196,142,98,118,177,153,140,129,106,108,NA,135,186,112,196,83,140,241,149,121,139,168,190,170,145,260,131,115,164,231,200,188,100,225,154,103,173,118,117,141,90,119,107,166,167,187,154,113,167,145,159,NA,161,114,236,103,122,120,250,156,103,150,152
1/10/2000,119,261,93,125,123,116,169,96,174,150,197,145,85,109,181,158,140,131,117,104,NA,136,196,114,194,87,143,240,149,126,137,168,193,173,145,261,132,124,167,219,208,192,107,218,155,99,148,116,113,138,101,101,106,159,156,190,151,114,182,144,165,103,157,127,230,88,126,122,253,177,118,159,160
1/11/2000,121,263,85,116,131,118,168,98,166,152,200,140,97,117,174,159,136,134,165,106,NA,147,189,125,187,85,140,243,144,131,135,174,191,175,141,257,130,NA,176,226,198,203,106,216,152,106,162,120,110,131,95,107,107,171,157,187,149,113,180,131,166,96,166,118,235,109,132,119,247,166,97,151,154
1/12/2000,119,264,98,127,122,110,172,92,155,149,195,142,86,115,179,156,132,126,131,104,NA,124,188,118,192,75,157,242,151,128,138,171,190,169,139,267,135,125,173,219,211,208,100,224,161,105,172,118,121,122,116,100,108,155,169,185,157,115,174,147,168,108,161,117,227,109,98,116,256,171,109,151,149
1/01/2001,120,266,83,134,122,125,172,93,166,155,204,144,97,129,177,162,142,135,150,110,NA,128,196,111,201,99,140,241,144,128,142,168,193,175,134,267,125,137,166,221,189,200,98,218,154,101,184,115,122,119,111,99,112,163,167,188,151,115,169,130,167,NA,163,116,233,108,113,117,250,167,110,160,156
1/02/2001,125,270,102,127,121,118,178,93,158,147,201,133,90,120,176,158,144,135,121,101,149,136,200,107,197,77,143,236,146,121,140,170,194,176,142,266,143,100,168,220,201,206,100,224,158,80,161,107,119,138,81,115,114,170,167,189,156,106,172,141,167,96,159,101,234,118,123,119,264,161,97,155,156
1/03/2001,120,267,93,133,124,120,172,85,165,149,198,138,88,104,174,153,148,129,99,109,NA,124,190,108,195,53,146,246,146,135,140,172,191,173,134,261,119,126,165,219,214,198,105,224,155,110,172,123,110,137,88,113,108,156,160,187,147,117,171,131,169,95,160,111,227,108,91,118,262,169,95,154,159
1/04/2001,122,270,97,126,127,130,175,98,139,143,192,139,94,133,179,161,143,127,144,107,NA,122,192,97,193,NA,144,247,147,131,139,173,194,179,143,273,102,142,169,224,213,208,109,222,151,100,187,113,110,137,93,93,115,178,161,186,151,118,173,155,174,106,159,109,230,102,114,116,259,178,98,162,156
1/05/2001,129,272,118,108,127,120,174,90,149,158,195,143,92,114,180,159,140,132,153,112,NA,127,194,120,204,88,141,243,149,133,146,173,193,180,152,264,124,100,165,228,194,215,107,222,162,106,155,120,114,137,93,96,110,168,173,193,154,116,171,141,161,98,155,99,234,96,107,124,252,167,118,157,153
1/06/2001,133,276,91,128,136,139,169,91,149,152,201,134,93,132,170,156,140,133,121,107,NA,140,202,109,186,NA,147,241,154,130,146,176,193,184,153,270,112,131,167,226,190,230,107,232,157,117,190,119,109,140,77,105,109,167,168,189,157,123,174,137,168,85,171,99,239,115,117,128,220,172,105,157,166
1/07/2001,130,273,102,126,122,122,172,94,145,149,199,142,97,124,170,156,144,141,124,109,NA,132,195,99,190,NA,141,244,156,134,135,177,192,181,145,271,136,103,161,227,202,242,104,227,162,117,155,124,110,139,99,115,104,158,165,190,150,115,180,145,167,NA,168,99,232,109,107,123,259,163,108,153,160
1/08/2001,128,275,91,119,127,128,169,97,154,143,204,148,91,106,177,155,144,134,103,108,NA,120,186,113,195,NA,139,243,146,129,137,166,195,182,145,269,141,123,164,228,198,238,99,222,155,118,184,119,114,121,99,102,106,174,162,192,153,122,170,149,173,NA,160,108,232,111,121,112,257,161,119,155,164
1/09/2001,127,273,87,127,120,135,173,89,178,149,196,137,91,112,176,149,133,135,149,113,NA,131,195,104,194,114,144,242,155,128,138,174,197,183,145,274,124,125,160,227,192,208,108,224,157,106,155,107,113,115,109,101,107,183,166,192,152,114,181,130,170,NA,162,104,235,119,119,125,262,172,112,159,156
1/10/2001,126,281,98,109,124,134,175,94,167,157,198,154,100,127,171,165,140,134,135,112,144,125,196,109,191,90,142,246,151,128,146,175,195,179,148,273,128,131,176,229,193,226,100,225,151,101,191,120,115,137,106,99,112,169,163,190,152,118,175,135,166,108,167,102,236,108,114,115,252,173,101,154,159
1/11/2001,124,284,83,128,129,140,179,97,161,153,202,148,87,115,180,159,142,125,125,107,140,117,201,112,198,96,147,246,151,138,135,169,198,188,150,276,129,108,182,234,199,214,106,232,156,98,185,107,104,143,113,106,110,167,164,190,153,116,168,133,168,NA,160,101,235,109,123,118,260,169,96,146,157
1/12/2001,127,290,101,114,130,125,171,100,162,155,197,144,95,119,184,158,144,134,133,111,NA,128,202,117,200,NA,151,257,155,142,148,179,199,182,149,281,127,118,171,233,198,211,107,234,162,94,195,120,114,123,116,103,107,185,170,195,160,123,183,133,175,134,164,103,240,102,105,118,254,173,124,166,158
1/01/2002,127,283,108,140,133,131,182,101,163,155,193,145,100,114,182,161,136,140,92,117,NA,140,202,132,197,115,159,246,158,140,152,172,200,189,142,271,130,139,176,228,207,208,117,243,162,111,172,116,106,130,113,98,117,169,167,194,147,126,178,134,177,NA,173,77,238,111,105,123,265,166,127,146,164
1/02/2002,125,295,103,114,126,133,182,100,172,140,198,141,94,121,179,164,146,140,101,116,NA,124,194,111,202,NA,149,250,153,140,150,178,203,183,153,285,111,140,172,230,198,234,110,237,160,109,200,105,109,139,103,95,109,176,166,193,157,118,167,133,174,NA,168,98,243,118,108,127,274,175,119,147,163
1/03/2002,119,283,89,98,134,136,191,81,168,149,202,146,100,124,176,163,142,133,124,112,132,143,203,110,196,NA,139,258,155,138,141,177,200,196,153,292,127,138,167,233,210,234,99,242,159,102,157,120,112,143,90,105,110,178,171,194,157,120,176,139,173,NA,164,96,234,109,124,122,266,163,123,161,161
1/04/2002,126,287,103,144,127,134,181,97,161,154,203,143,97,106,185,175,143,135,134,125,144,141,200,121,201,NA,143,262,172,138,145,183,201,193,157,291,130,NA,173,235,217,245,105,243,155,108,223,123,113,152,96,116,117,183,169,197,157,118,177,137,182,NA,165,104,248,112,123,122,216,175,133,160,169
1/05/2002,139,305,105,122,137,141,188,106,166,148,199,139,103,112,185,171,132,132,112,128,108,132,201,98,200,NA,149,266,160,132,149,176,205,190,155,265,119,141,170,237,206,253,115,240,163,111,177,131,116,149,122,97,117,186,171,197,153,121,169,144,179,101,175,113,253,107,124,125,267,182,113,164,158
1/06/2002,145,307,91,156,128,117,183,95,152,144,208,139,109,117,185,163,137,142,130,132,151,133,198,106,196,98,149,263,158,135,145,181,205,201,155,296,136,127,174,241,206,233,102,243,161,120,189,114,113,148,124,106,116,194,173,200,153,124,180,144,181,87,176,97,255,102,105,126,260,182,114,161,164
1/07/2002,142,307,117,128,137,147,184,99,141,153,211,142,106,127,189,162,152,131,138,130,151,117,199,129,197,90,146,265,168,145,140,180,207,197,157,301,136,136,170,232,210,229,100,240,163,140,190,119,114,130,104,100,115,196,170,202,161,120,169,142,173,108,166,120,251,107,108,130,266,175,135,162,164
1/08/2002,129,311,118,151,123,138,185,103,164,145,199,142,103,109,182,168,140,131,149,131,125,137,201,123,203,NA,150,271,167,142,144,175,206,191,166,294,107,NA,172,236,201,270,110,245,160,117,156,131,104,135,85,112,100,179,175,197,152,128,178,148,180,NA,172,NA,261,125,121,124,262,167,97,167,168
1/09/2002,143,308,104,115,131,139,187,93,179,152,202,143,106,116,190,166,142,143,130,130,NA,129,193,115,209,NA,163,267,167,139,143,182,207,201,160,302,119,137,171,243,212,258,104,254,159,105,178,120,108,142,90,110,115,182,171,202,158,121,183,143,175,106,167,107,249,116,107,124,266,183,118,162,161
1/10/2002,139,314,106,154,134,150,194,98,185,149,198,148,111,125,192,173,152,140,143,133,122,143,202,123,186,90,153,269,165,134,142,189,210,203,165,311,137,NA,157,229,207,241,111,241,156,102,188,121,110,156,120,110,111,187,179,207,154,129,177,145,179,106,176,107,264,107,142,127,263,186,125,158,162
1/11/2002,133,319,94,127,129,137,189,94,173,150,206,141,110,128,192,169,137,136,149,139,NA,146,194,121,208,85,164,274,159,136,142,179,209,212,166,302,121,132,177,232,211,257,114,252,167,102,201,123,112,148,108,106,101,202,169,193,155,124,173,152,184,108,167,110,260,116,97,128,270,171,119,167,166
1/12/2002,140,320,113,139,139,157,189,99,169,151,202,153,104,126,195,165,143,139,178,131,147,123,200,104,197,83,139,279,162,136,145,185,214,206,177,322,129,107,187,237,216,230,99,251,162,109,186,118,107,151,107,110,120,207,178,207,158,121,176,147,183,99,171,110,265,117,133,123,274,181,111,161,170
1/01/2003,128,326,100,142,130,167,205,95,186,162,199,144,93,127,197,174,145,144,141,140,188,117,208,126,205,95,145,277,171,152,143,176,218,203,266,323,122,NA,185,253,213,249,100,257,160,107,156,118,113,139,118,110,116,218,195,212,167,134,177,164,182,NA,175,99,266,116,96,133,271,185,104,156,159
1/02/2003,124,332,108,151,128,152,202,93,176,152,204,146,100,129,201,172,149,141,145,144,111,125,196,107,206,116,159,280,167,144,141,193,219,215,197,327,114,134,180,254,220,259,104,253,162,96,166,118,107,152,99,100,116,198,182,214,158,126,188,141,181,92,172,103,272,116,113,119,286,188,118,169,168
1/03/2003,131,330,100,130,126,150,204,96,181,157,200,145,111,127,199,176,121,145,159,150,181,130,208,117,211,130,154,277,177,152,145,191,219,220,208,303,143,102,182,239,210,251,97,256,164,99,147,117,97,144,84,104,118,203,178,217,165,122,171,152,192,95,170,94,272,121,109,121,286,186,114,157,173
1/04/2003,151,338,120,141,140,166,203,89,185,151,213,143,122,127,200,176,138,141,144,151,142,127,200,127,203,NA,152,283,186,144,140,183,220,221,176,330,134,120,179,252,216,258,123,264,156,97,196,124,109,134,114,109,115,210,186,220,156,132,168,152,187,124,176,105,267,122,122,132,277,177,120,173,172
1/05/2003,156,330,118,144,136,162,210,109,176,156,220,140,117,136,206,175,146,141,117,155,178,138,203,119,207,117,156,289,173,149,148,195,219,216,184,321,128,140,147,241,208,251,112,264,167,98,204,125,113,132,124,111,110,214,186,221,166,133,182,156,197,129,179,113,275,118,126,130,237,186,122,169,171
1/06/2003,147,332,120,164,155,169,203,94,174,165,223,151,125,139,200,177,154,140,142,151,161,133,201,130,197,90,156,284,185,156,152,190,221,217,180,325,130,119,179,259,217,250,116,276,166,130,196,121,119,153,137,107,106,214,179,222,173,126,182,155,201,NA,182,98,272,122,113,137,278,184,117,186,170
1/07/2003,164,329,127,140,136,160,207,115,168,165,212,155,102,138,206,174,149,143,146,148,149,145,203,117,206,126,164,284,182,153,149,186,223,212,179,327,140,105,175,235,212,262,118,269,167,130,192,125,118,154,113,102,113,202,189,220,174,128,178,153,185,106,184,120,277,124,95,136,275,190,128,172,175
1/08/2003,162,325,115,148,136,169,210,110,192,158,214,160,113,132,205,181,154,143,123,153,NA,139,213,110,215,119,151,288,187,146,158,190,221,220,167,330,135,126,159,245,223,264,116,275,170,121,195,136,120,143,125,120,117,213,190,221,167,130,165,154,185,96,181,101,281,128,117,131,236,182,126,170,174
1/09/2003,154,326,119,136,145,166,206,112,211,167,222,151,116,140,201,173,152,148,174,147,186,142,200,116,209,121,157,286,173,138,145,199,222,217,173,329,148,130,183,248,229,236,109,269,169,113,212,129,114,125,127,111,116,207,183,226,171,136,183,160,205,121,181,110,279,127,117,127,260,180,120,168,182
1/10/2003,158,328,132,124,133,169,214,107,199,169,224,149,114,126,213,187,144,145,157,149,192,136,206,129,215,98,159,286,182,150,158,203,227,225,175,337,127,132,187,260,212,279,115,277,174,111,193,126,112,150,130,93,118,217,191,231,177,138,195,155,208,95,184,108,286,129,133,132,278,182,101,190,174
1/11/2003,156,327,146,144,144,187,218,119,188,171,228,159,117,151,215,174,147,147,159,157,143,139,208,140,205,NA,160,288,189,149,149,199,228,233,184,335,141,NA,191,263,216,250,119,277,168,110,198,124,123,146,141,113,119,217,191,232,174,142,173,160,202,107,176,111,283,130,132,133,279,190,142,173,180
1/12/2003,161,330,126,144,138,180,216,103,189,172,229,162,117,159,213,191,162,146,172,150,110,164,211,115,211,86,164,292,189,153,158,204,229,226,187,337,137,145,189,263,213,245,120,289,175,116,231,134,120,150,127,117,124,229,192,237,184,146,177,167,205,125,174,91,285,143,130,133,272,189,127,179,182
1/01/2004,163,330,116,124,138,181,224,121,203,161,228,162,109,146,217,192,147,145,162,155,156,154,200,112,214,NA,151,294,192,150,140,212,232,223,190,339,146,136,192,250,222,258,119,297,173,118,223,134,110,170,134,118,129,219,177,236,177,144,191,168,207,120,184,97,293,134,129,135,281,195,124,171,188
1/02/2004,158,335,136,142,140,179,224,117,203,158,228,162,116,160,217,191,165,151,136,155,151,135,205,120,209,115,168,290,201,157,159,205,236,228,194,337,141,143,184,286,219,269,122,285,175,102,222,134,116,155,110,118,116,234,183,237,182,142,178,158,206,115,159,101,289,135,99,134,299,198,149,175,177
1/03/2004,159,327,150,130,146,197,226,132,190,167,230,167,117,144,220,186,152,144,154,151,166,157,215,119,215,110,163,296,197,153,161,199,234,230,188,312,139,144,185,260,216,286,123,293,172,116,218,121,124,157,119,117,131,221,198,238,179,146,178,173,203,130,191,115,287,135,143,135,299,197,124,185,180
1/04/2004,161,334,142,144,134,179,230,118,198,172,238,158,118,149,218,193,165,144,153,155,151,140,210,127,206,140,173,296,196,143,158,202,228,231,179,337,130,121,161,270,216,292,119,294,176,110,205,130,114,156,144,119,126,237,181,237,177,151,185,173,221,127,196,108,286,142,130,138,209,197,141,198,184
1/05/2004,172,330,138,141,149,194,223,114,209,177,247,162,119,154,221,198,152,148,195,156,183,168,205,135,211,NA,160,289,203,157,158,206,237,226,203,331,141,107,184,259,230,284,122,304,172,122,232,128,115,133,145,121,126,221,215,247,184,151,180,158,218,124,209,122,292,134,132,144,285,215,155,184,182
1/06/2004,171,330,136,152,138,184,229,123,189,175,254,165,123,147,224,195,168,152,194,155,165,161,213,132,217,145,157,300,208,166,164,210,237,219,181,338,153,NA,183,257,206,287,112,289,183,128,229,131,128,155,134,128,124,209,193,240,187,155,179,166,221,134,210,107,294,147,125,145,285,201,147,192,182
1/07/2004,173,331,141,137,137,197,226,121,199,186,238,171,124,153,225,196,157,153,225,152,157,163,210,149,210,172,162,294,207,152,166,215,237,229,190,339,137,132,183,255,216,288,123,287,177,129,227,133,126,165,148,124,119,218,204,246,195,147,180,174,222,112,205,107,292,144,137,138,285,202,154,208,186
1/08/2004,166,326,142,154,135,190,229,134,217,180,234,164,116,146,222,198,163,148,103,152,173,144,215,116,208,167,161,296,206,158,169,202,236,227,189,336,140,NA,179,257,216,293,120,283,178,124,249,130,129,160,126,113,112,221,206,244,185,155,189,175,222,125,197,114,280,136,123,144,281,206,135,191,187
1/09/2004,167,328,125,136,154,188,224,129,235,176,247,165,115,140,221,197,168,149,175,147,221,156,210,129,222,141,168,297,203,163,161,212,238,211,186,336,154,133,185,271,229,286,125,286,180,131,196,146,129,162,137,125,133,212,203,244,186,151,182,176,228,131,204,111,283,135,126,143,294,193,152,209,194
1/10/2004,175,330,131,146,137,204,223,142,201,189,241,170,127,163,219,210,165,150,192,159,196,180,224,124,212,104,173,297,210,152,163,218,238,220,191,333,143,NA,212,270,219,278,122,294,178,115,217,145,124,154,121,124,121,210,205,242,192,153,194,171,221,NA,200,117,283,143,124,145,283,199,148,191,193
1/11/2004,167,324,133,143,149,196,231,133,221,178,241,169,130,159,226,200,168,152,171,161,155,151,221,121,216,159,166,300,212,151,177,216,240,233,190,328,141,128,202,273,219,287,124,288,181,131,231,137,122,149,149,135,120,234,204,247,195,149,181,180,213,117,201,117,289,132,135,141,286,210,144,192,198
1/12/2004,165,330,123,155,139,184,229,107,220,176,231,171,117,160,229,201,159,147,165,146,193,155,218,125,217,105,162,298,207,165,169,216,240,228,194,346,139,119,203,280,226,299,127,298,189,104,221,148,129,160,130,130,122,226,215,249,189,154,192,176,237,128,213,116,285,151,130,145,288,202,151,212,197
1/01/2005,169,327,139,154,155,182,234,128,224,184,256,181,117,158,227,219,157,144,185,153,205,149,211,135,217,162,167,296,221,158,182,219,244,236,211,326,138,161,198,270,239,283,104,286,185,111,211,140,126,173,143,131,128,226,206,253,180,146,185,193,234,104,205,91,285,141,138,145,294,196,141,211,190
1/02/2005,176,330,137,147,153,195,237,123,218,172,254,158,109,156,230,208,175,153,148,147,138,153,218,136,214,162,179,299,230,169,174,234,245,223,198,342,147,148,202,278,225,294,125,291,181,112,210,137,119,154,134,118,125,226,203,248,189,150,191,184,218,NA,218,98,284,148,151,149,304,208,135,218,207
1/03/2005,175,329,133,150,156,195,238,106,211,183,246,175,119,166,236,209,136,148,164,137,125,155,213,130,224,NA,170,298,211,157,174,222,244,231,204,327,151,153,188,260,228,288,124,293,179,121,297,150,109,144,133,117,122,219,199,252,210,151,189,180,213,134,189,109,289,139,120,157,305,211,140,210,207
1/04/2005,179,328,153,135,153,196,240,126,213,193,253,171,110,173,235,219,167,147,195,154,220,170,217,138,219,143,166,302,218,165,174,215,244,227,213,326,157,148,175,273,230,293,138,289,190,124,233,149,132,174,137,129,122,224,203,247,203,166,194,186,240,134,202,123,286,145,126,153,300,207,151,204,203
1/05/2005,176,337,150,142,152,211,229,119,202,192,252,181,133,170,233,209,172,164,203,157,NA,162,222,142,229,132,168,299,212,171,171,220,240,237,221,312,157,167,199,276,223,286,128,293,188,124,263,145,123,166,157,139,126,222,220,257,197,164,198,187,231,122,213,113,290,144,126,152,218,219,164,216,209
1/06/2005,192,332,143,158,151,180,227,146,208,183,255,177,125,154,231,212,176,152,187,149,184,172,224,153,228,127,171,301,227,162,197,226,245,236,214,343,142,159,194,269,234,302,123,287,182,145,235,148,121,167,159,141,122,219,209,255,211,164,192,190,241,110,217,116,300,153,123,154,298,214,160,209,197
1/07/2005,179,331,140,143,166,197,238,136,201,201,264,180,124,179,236,214,171,157,187,148,196,162,223,145,229,192,183,301,226,172,181,222,247,237,208,338,148,142,194,276,230,300,132,305,188,155,276,150,134,165,153,147,135,213,194,256,202,163,214,186,234,114,217,117,290,156,134,148,293,215,130,231,211
1/08/2005,194,327,152,170,145,192,230,114,226,188,263,181,124,165,228,206,176,152,183,149,173,159,225,123,221,139,175,301,225,162,182,235,244,226,206,333,137,143,195,276,232,284,114,305,186,123,268,156,133,157,140,128,131,217,212,246,201,164,197,197,228,120,216,123,293,151,142,145,290,213,135,202,203
1/09/2005,178,330,152,162,166,205,227,148,236,194,267,181,130,172,235,210,177,159,213,141,145,150,217,133,231,132,172,303,230,164,196,225,247,237,208,341,147,174,199,270,232,300,135,301,189,124,263,144,133,163,144,134,140,233,223,259,202,164,200,200,241,113,214,119,293,151,143,152,297,204,171,205,213
1/10/2005,192,326,146,145,159,189,239,105,240,195,244,183,114,164,232,212,175,163,204,147,172,156,220,145,222,NA,182,308,218,164,186,231,249,237,206,336,140,190,215,291,235,311,130,295,180,124,260,157,135,158,142,140,139,228,223,257,194,174,215,198,234,140,230,121,294,149,136,148,297,214,147,229,217
1/11/2005,169,330,172,143,160,193,246,146,222,199,268,170,119,163,242,218,175,161,192,150,201,187,239,151,233,164,183,306,234,168,183,232,251,237,211,341,154,170,207,283,222,298,136,299,195,132,259,167,136,162,163,130,125,213,206,259,197,172,198,194,237,150,222,126,293,135,137,157,294,219,163,202,209
1/12/2005,191,325,168,167,166,197,238,134,210,192,260,187,117,173,239,213,192,156,193,148,152,185,239,150,227,NA,185,304,222,176,189,234,252,246,219,355,159,NA,207,278,229,307,134,307,198,130,273,159,132,164,140,138,129,227,215,262,218,161,188,185,253,126,220,114,300,146,149,159,288,216,139,231,219
1/01/2006,187,325,155,162,146,211,249,136,237,197,252,186,132,188,240,224,167,154,209,153,207,191,232,149,228,NA,187,307,230,158,185,234,254,245,211,350,155,176,206,275,227,319,131,306,191,152,285,164,128,176,146,140,129,227,203,262,206,175,202,189,246,112,218,108,293,162,153,163,304,221,147,211,210
1/02/2006,187,330,166,174,162,203,246,152,215,206,266,196,122,160,249,222,198,161,194,154,190,187,238,161,238,NA,183,311,227,179,198,237,257,250,218,347,148,145,208,285,257,324,132,306,186,113,213,155,127,173,144,117,140,231,220,265,204,173,206,197,241,148,220,113,293,141,125,160,328,218,170,211,216
1/03/2006,193,326,168,148,155,201,241,127,191,199,272,192,123,146,243,212,178,160,215,148,172,180,242,135,231,136,186,307,231,173,209,231,252,234,237,318,149,148,208,273,258,312,136,308,193,133,284,162,125,158,134,137,130,223,219,263,208,165,193,217,249,116,216,111,293,156,134,165,312,219,118,217,224
1/04/2006,200,332,157,166,179,193,241,140,205,199,255,192,118,196,238,219,188,162,201,155,191,179,240,152,249,136,187,313,229,186,193,247,256,234,226,342,151,186,203,294,240,319,144,320,198,155,286,158,132,180,137,139,143,229,219,265,217,171,206,186,258,139,233,118,297,149,153,169,312,231,165,228,230
1/05/2006,196,328,166,145,166,214,242,135,206,213,266,186,122,200,246,234,193,161,205,153,251,177,232,147,239,173,194,306,240,179,200,244,256,246,236,345,165,154,211,302,260,313,140,305,191,135,272,165,133,194,149,145,137,221,229,264,207,166,211,215,242,123,236,125,295,155,142,163,306,237,165,222,233
1/06/2006,213,334,168,160,163,203,252,142,210,215,267,186,120,191,255,224,192,165,192,152,194,204,246,141,235,NA,191,308,236,173,200,240,251,249,230,356,162,157,214,292,257,313,131,299,202,123,276,168,145,152,153,142,138,236,228,271,226,176,200,201,238,117,235,129,304,165,160,162,216,230,156,212,222
1/07/2006,226,330,164,162,162,220,239,100,198,214,266,191,124,181,237,222,190,166,209,157,200,197,239,139,242,127,192,321,231,175,207,236,257,249,231,351,140,199,219,295,247,324,126,314,199,173,249,155,135,183,147,152,145,231,229,261,215,174,229,210,259,141,224,125,306,152,153,162,303,228,167,239,230
1/08/2006,207,332,156,174,161,205,240,154,177,202,261,195,119,178,244,229,194,164,199,153,227,187,236,159,232,146,188,311,233,184,213,238,256,240,232,350,145,173,209,292,266,323,147,307,203,143,273,162,141,168,151,151,151,237,228,263,210,174,218,204,249,150,245,134,302,161,159,167,315,222,162,222,230
1/09/2006,191,332,179,169,160,205,243,160,222,216,271,207,133,185,252,225,200,163,171,165,192,206,244,159,237,155,188,312,239,180,189,241,259,236,233,338,145,176,217,278,239,329,137,308,199,133,296,167,140,180,132,150,125,231,225,268,221,179,221,207,238,NA,223,141,297,153,167,165,314,228,135,213,223
1/10/2006,196,338,165,194,174,215,253,160,229,212,262,185,126,179,249,232,182,169,211,158,193,195,250,135,249,146,200,317,242,171,208,243,262,245,246,352,159,182,217,292,247,332,135,320,201,150,287,178,141,212,158,155,148,235,225,269,207,169,225,223,246,141,236,146,306,162,167,173,313,234,169,230,230
1/11/2006,202,336,162,184,173,212,248,130,242,215,265,205,123,194,248,226,195,169,227,163,196,195,251,127,247,155,186,324,233,180,213,251,264,250,238,352,152,187,227,283,249,313,160,321,205,145,279,171,134,186,134,153,146,236,226,271,220,177,214,218,259,118,250,130,301,157,166,170,319,221,134,229,240
1/12/2006,209,339,179,183,174,212,249,139,237,215,258,191,129,184,247,231,207,177,212,166,181,179,257,165,254,172,185,324,233,180,221,246,266,243,248,359,163,185,229,304,257,316,160,316,209,138,310,168,140,182,148,174,149,239,222,274,211,190,223,195,255,NA,244,129,304,169,155,168,319,233,179,219,238
1/01/2007,202,337,154,155,164,220,248,136,223,211,279,216,132,193,257,236,191,174,206,168,224,175,248,159,240,139,200,325,243,189,202,268,266,254,241,362,165,211,220,297,265,302,145,324,204,138,281,175,131,190,154,143,143,233,228,279,215,178,239,212,257,143,243,137,298,162,168,171,329,236,123,239,242
1/02/2007,225,343,155,182,178,240,263,141,248,205,270,219,141,205,256,227,206,175,190,165,192,168,246,175,250,133,192,330,247,185,211,249,275,267,237,374,160,195,218,302,279,313,147,315,208,134,283,185,132,189,158,146,132,244,247,282,215,187,232,212,252,NA,263,126,299,172,156,169,360,227,192,243,244
1/03/2007,215,342,185,173,164,208,263,148,195,223,274,201,139,194,256,236,195,178,205,160,214,205,255,167,260,132,191,332,257,189,224,253,269,262,240,337,150,138,214,296,256,315,159,319,200,136,316,181,136,193,128,134,145,236,235,281,221,185,228,229,266,145,232,163,311,171,145,168,349,246,179,220,246
1/04/2007,204,342,172,168,174,243,253,127,198,213,272,208,122,202,251,229,222,173,196,168,218,203,267,151,257,NA,210,326,244,200,212,260,269,265,257,352,156,NA,213,313,258,323,144,332,209,141,275,174,145,209,149,151,152,258,228,284,221,182,217,232,266,157,256,116,307,165,148,174,328,250,183,242,247
1/05/2007,210,348,174,175,186,234,262,142,215,208,279,207,120,215,261,242,197,184,206,173,207,216,250,182,257,171,204,335,250,181,230,259,274,259,256,369,167,194,218,307,284,327,155,339,210,145,294,183,151,192,127,159,151,252,247,283,229,184,238,233,259,154,255,136,312,164,142,187,333,243,196,241,246
1/06/2007,221,353,171,179,175,233,250,148,224,223,289,214,140,179,258,235,208,185,192,174,198,184,262,161,263,143,200,336,255,193,218,262,274,277,253,372,170,201,225,308,257,310,151,341,210,162,296,180,139,193,150,167,158,241,222,289,222,192,250,222,265,141,257,135,317,177,163,193,346,249,193,237,239
1/07/2007,223,347,169,183,187,239,263,148,216,222,286,220,136,200,261,248,205,186,239,172,192,217,263,160,262,156,186,335,253,184,212,270,276,271,253,373,159,183,221,308,287,347,150,338,212,191,292,178,143,210,151,170,150,266,235,285,224,184,243,238,275,167,249,137,320,171,153,173,330,246,185,246,251
1/08/2007,224,355,181,162,173,234,256,141,206,221,291,215,137,194,270,232,218,188,210,170,266,192,274,179,260,NA,193,333,251,189,234,263,271,261,255,368,161,188,218,307,280,332,138,336,212,144,282,181,156,210,160,175,148,248,238,284,225,199,234,225,273,141,259,140,320,170,169,181,272,233,173,226,257
1/09/2007,241,347,176,177,201,252,259,148,239,225,293,221,119,213,255,250,220,180,232,170,209,191,278,178,258,142,197,340,260,202,233,286,277,263,259,381,149,208,220,324,278,309,153,329,215,136,309,185,153,208,156,146,165,238,228,292,231,183,239,204,269,NA,262,123,328,176,171,193,321,244,191,231,254
1/10/2007,222,357,162,187,189,241,264,140,249,223,295,217,138,209,261,235,211,191,212,180,222,225,265,172,254,NA,202,342,234,192,219,266,279,274,257,379,176,186,232,304,301,330,145,350,215,148,302,197,148,218,141,162,153,252,244,287,234,188,239,231,282,NA,271,142,309,180,182,179,336,259,192,238,252
1/11/2007,216,354,182,201,172,242,267,143,257,217,285,213,136,183,266,244,215,191,247,174,230,225,275,193,278,187,199,339,279,205,231,262,282,264,247,375,170,206,236,308,294,344,142,337,216,143,314,178,153,208,166,155,161,243,238,288,233,181,244,223,277,165,271,138,313,167,180,193,350,253,193,246,255
1/12/2007,228,360,151,198,176,265,261,147,227,233,302,220,134,191,268,247,230,195,255,173,246,199,278,158,281,186,207,350,251,186,228,270,283,264,263,388,168,197,245,311,318,312,172,362,222,147,315,204,156,226,162,170,157,247,246,297,195,186,267,230,282,NA,254,138,323,180,173,190,346,246,181,233,255
1/01/2008,227,357,170,207,185,231,277,168,244,225,301,225,120,215,270,255,230,186,215,177,202,198,282,179,272,179,198,337,265,210,230,273,285,275,262,385,172,212,229,328,286,316,164,336,217,143,302,196,153,207,153,164,167,262,244,304,233,188,264,222,283,162,273,136,313,176,183,185,348,258,239,214,250
1/02/2008,241,361,188,149,166,255,280,154,243,231,290,219,137,214,272,258,212,188,232,189,231,209,271,166,291,145,221,352,260,201,234,262,290,277,270,395,195,198,225,318,310,332,156,352,221,147,292,187,158,197,168,180,161,256,241,291,227,188,249,235,302,NA,260,136,328,191,164,179,380,240,169,235,261
1/03/2008,230,356,181,197,180,233,268,156,203,241,294,209,136,214,278,255,215,183,207,176,209,226,284,172,283,193,226,345,261,213,231,268,284,289,265,344,146,244,217,323,302,328,164,356,215,162,305,190,155,216,160,147,145,269,242,307,250,182,252,222,275,160,258,139,327,179,146,182,368,266,189,240,270
1/04/2008,244,362,195,159,192,251,264,154,227,229,302,223,137,217,268,253,223,189,240,188,235,225,279,155,280,148,208,351,263,198,227,268,288,279,272,385,167,212,224,316,292,328,173,352,224,161,321,210,163,222,163,170,171,262,252,301,229,187,278,241,278,152,267,156,328,190,150,195,359,261,206,232,261
1/05/2008,242,373,194,211,195,253,271,146,226,251,311,230,129,240,277,260,218,198,215,185,238,205,275,157,272,180,208,353,277,206,235,270,285,277,274,392,155,220,236,335,299,355,170,362,221,184,316,206,145,237,161,178,152,283,252,307,237,196,270,252,298,160,283,132,325,194,181,190,260,255,184,229,272
1/06/2008,248,367,195,179,193,249,272,152,244,240,306,234,148,215,267,264,233,199,227,184,216,218,286,177,286,155,217,359,273,208,229,267,290,293,275,400,179,218,225,315,308,344,161,364,217,179,316,199,154,238,146,175,144,255,250,296,241,194,268,237,278,163,273,143,331,197,172,188,357,272,212,241,256
1/07/2008,243,375,208,194,186,243,268,161,226,237,308,231,143,242,274,245,223,193,202,183,232,213,265,186,288,198,209,353,293,218,224,263,291,279,282,394,170,245,232,328,315,353,150,351,227,183,335,203,160,227,167,168,157,257,243,301,233,185,272,240,282,163,278,144,338,204,175,189,368,262,215,246,261
1/08/2008,251,366,205,203,189,249,275,173,206,221,300,227,149,207,269,263,220,205,205,180,222,227,279,158,274,235,211,352,279,203,244,281,288,289,272,392,162,203,232,312,319,356,178,358,228,159,290,209,166,242,173,190,154,264,237,298,245,198,273,228,273,162,266,142,326,191,191,188,345,251,225,239,262
1/09/2008,245,369,214,208,181,242,266,155,244,230,303,223,131,266,269,250,227,198,228,189,236,208,290,194,273,270,214,354,279,202,229,287,288,288,259,396,165,240,234,320,303,352,161,343,221,148,293,197,161,219,171,177,155,268,235,295,230,197,267,237,284,176,277,143,328,179,175,189,352,252,211,227,273
1/10/2008,248,370,209,147,184,236,272,147,243,234,294,217,135,229,273,260,221,198,251,187,205,211,287,178,295,255,209,353,272,201,234,277,290,287,270,389,170,193,257,319,293,324,174,333,221,155,302,206,153,241,172,188,168,263,247,294,239,211,268,255,270,157,253,150,331,182,175,187,346,244,186,239,261
1/11/2008,229,365,200,233,175,243,268,153,255,245,297,220,149,266,267,258,230,199,246,192,201,196,280,172,284,161,194,356,275,195,237,276,288,298,270,394,163,220,246,324,328,339,158,337,218,161,306,206,158,243,167,173,167,248,240,302,231,198,257,251,281,186,262,144,330,193,173,178,360,265,178,223,261
1/12/2008,239,359,239,178,202,235,270,168,247,225,295,226,129,223,274,268,227,192,236,198,212,202,300,177,290,153,197,353,294,204,238,272,289,278,277,396,172,226,246,307,319,322,161,346,219,155,308,198,163,234,165,192,158,263,245,290,244,196,256,239,282,164,269,144,331,193,176,188,363,264,169,250,256
1/01/2009,239,366,224,211,189,256,277,174,252,239,291,240,153,232,276,254,196,204,243,195,259,212,308,186,275,192,201,358,272,210,228,266,292,298,288,392,154,210,233,311,302,324,170,356,230,170,285,198,164,221,166,193,168,286,265,299,250,193,257,258,277,158,269,134,318,202,170,185,362,259,196,231,266
1/02/2009,236,373,202,170,182,262,278,169,259,231,301,250,135,229,285,254,215,197,200,188,219,203,291,168,303,NA,208,364,286,215,234,273,295,288,280,399,158,220,236,289,318,331,173,365,229,155,317,226,149,211,159,185,166,265,239,297,245,195,253,246,286,170,271,NA,331,199,170,185,368,270,213,267,266
1/03/2009,243,365,223,211,186,246,275,147,216,231,299,231,142,234,275,256,216,193,220,173,204,225,279,174,308,183,214,355,277,218,237,271,290,290,272,395,167,179,218,325,319,318,161,343,217,161,316,207,170,223,174,182,155,284,251,302,239,205,282,243,273,163,275,144,331,204,192,190,340,247,211,238,265
1/04/2009,229,366,190,199,191,238,268,160,225,240,293,239,147,234,274,267,223,187,209,188,183,222,286,155,297,195,216,355,275,205,234,263,287,286,279,341,187,199,225,337,306,313,174,340,221,162,303,209,161,239,172,198,150,295,255,298,241,202,274,247,267,170,283,135,327,202,181,187,364,252,176,245,258
1/05/2009,248,369,200,189,193,249,266,171,238,235,291,225,154,224,273,243,216,191,224,194,241,213,286,172,310,177,209,351,273,211,228,270,292,287,276,392,176,208,244,326,318,338,179,351,221,182,336,214,164,234,163,208,159,268,257,302,237,204,282,244,284,182,284,130,325,193,166,192,374,266,195,242,258
1/06/2009,236,374,228,210,188,225,263,157,257,241,301,232,159,225,277,263,210,196,211,193,210,234,289,153,292,150,214,348,283,221,237,272,291,280,277,400,176,215,234,328,329,338,158,340,224,203,286,194,150,213,182,183,169,282,264,303,241,193,259,245,266,146,256,130,331,205,198,187,362,267,211,255,267
1/07/2009,240,367,210,218,195,237,262,163,211,227,309,241,150,213,277,252,223,200,212,194,207,216,289,172,291,173,204,350,269,212,242,261,288,280,284,396,165,202,233,318,305,345,171,338,214,181,326,226,162,197,154,192,158,279,252,299,223,210,293,256,266,176,278,125,343,196,192,182,349,269,190,227,253
1/08/2009,227,362,245,200,180,221,268,154,231,236,306,226,142,247,273,254,229,190,198,190,251,219,278,170,278,184,207,349,270,212,233,277,287,286,277,371,156,183,235,327,310,334,147,346,221,178,318,209,159,236,172,186,170,275,233,300,243,204,254,237,276,172,263,144,327,214,171,185,348,257,194,238,269
1/09/2009,240,366,193,171,194,230,264,147,281,230,303,230,153,248,269,252,221,190,202,180,200,216,286,164,293,201,210,361,273,209,242,276,289,291,265,387,155,179,226,302,309,329,163,352,228,165,335,203,155,234,158,198,159,274,247,294,237,208,282,244,263,173,267,136,327,187,162,189,375,261,171,235,263
1/10/2009,241,367,212,177,177,248,265,159,265,227,303,228,156,248,268,251,226,199,239,192,221,219,288,153,283,195,204,356,267,208,235,271,290,291,280,399,162,211,254,313,314,326,160,340,219,141,316,204,165,236,172,210,158,275,258,300,237,208,273,238,274,164,270,148,327,197,170,173,359,249,200,253,260
1/11/2009,248,376,231,205,158,234,268,146,251,236,317,234,130,256,271,258,222,199,217,190,225,231,304,169,288,234,206,370,279,209,243,272,291,293,283,393,158,180,249,313,326,317,160,339,222,176,339,214,157,214,189,183,169,274,241,303,242,201,266,255,280,168,274,175,334,188,174,185,372,246,196,236,264
1/12/2009,222,373,207,196,183,254,263,153,251,234,295,233,166,237,277,269,225,192,198,199,227,214,297,177,302,134,194,360,271,211,233,273,293,274,278,403,160,220,246,320,313,314,161,343,227,172,325,207,171,215,187,189,165,275,260,303,231,202,275,252,284,188,268,141,329,198,170,189,369,271,221,278,273
1/01/2010,243,369,210,219,181,243,274,166,258,229,303,220,160,275,283,265,228,185,225,204,250,232,301,168,290,179,231,348,263,211,251,289,294,297,277,402,164,218,240,316,348,308,158,330,226,161,308,209,160,229,171,206,170,300,258,310,236,190,276,258,281,NA,271,153,333,200,180,193,379,268,197,255,263
1/02/2010,230,371,209,216,186,246,281,178,253,247,307,235,158,263,279,261,229,191,217,195,185,206,291,163,295,NA,204,373,278,226,241,265,300,280,286,396,165,221,237,321,325,333,165,355,227,166,301,202,187,198,165,176,155,261,248,308,234,211,300,251,289,160,270,147,325,204,185,200,404,249,216,232,266
1/03/2010,250,366,240,215,196,230,273,156,214,229,312,230,147,261,275,261,228,202,190,174,225,226,294,176,296,199,212,361,270,224,226,278,290,300,280,356,175,214,231,336,321,332,144,350,230,173,331,206,159,241,187,204,170,287,242,309,246,198,278,259,289,161,277,145,339,208,188,190,335,261,196,254,259
1/04/2010,234,369,213,203,176,242,277,160,226,220,316,227,160,260,276,268,226,197,228,195,183,227,304,157,287,123,207,368,277,226,232,274,297,302,282,405,182,214,242,329,300,328,169,360,217,167,322,205,159,265,194,183,156,285,257,311,251,210,276,258,293,170,270,152,344,200,172,179,382,270,142,260,262
1/05/2010,259,382,205,194,194,236,267,172,231,236,309,235,161,252,277,260,231,187,211,204,249,209,305,175,297,185,210,363,267,232,235,281,295,300,283,409,179,217,233,333,315,325,184,364,226,173,343,188,155,220,159,196,162,293,252,309,249,216,274,236,293,167,277,135,345,206,152,200,385,267,229,257,257
1/06/2010,251,391,220,225,193,245,266,160,226,236,314,238,165,235,275,274,229,197,238,201,199,241,297,178,279,161,208,370,275,218,261,267,295,303,278,394,215,225,245,331,314,321,170,353,221,200,318,194,150,234,178,198,164,280,250,310,246,207,276,248,297,173,270,150,345,206,181,187,373,274,207,237,267
1/07/2010,245,382,229,214,189,230,271,177,220,227,319,236,154,241,281,269,217,204,207,199,210,225,289,170,293,200,214,366,260,216,239,281,298,308,279,416,187,223,240,327,342,346,191,349,233,194,331,214,167,230,168,197,157,284,260,307,240,202,279,257,286,189,293,154,341,184,192,191,357,259,177,251,270
1/08/2010,224,383,229,214,178,229,269,176,238,248,316,238,166,243,282,264,229,192,210,204,220,238,308,156,290,NA,218,369,267,220,239,277,295,289,285,388,168,184,246,345,321,273,175,351,226,153,314,208,162,238,167,187,176,274,253,309,248,210,257,256,289,190,279,146,347,192,193,192,373,265,213,252,259
1/09/2010,241,383,236,243,183,229,273,165,291,233,306,224,156,217,279,259,229,203,221,202,213,256,297,177,285,174,200,367,261,229,243,287,299,297,277,403,178,225,255,332,330,330,164,367,228,170,322,191,161,241,187,199,166,288,255,309,245,209,296,256,300,170,282,150,342,203,189,188,370,255,221,257,259
1/10/2010,247,374,259,223,185,232,279,174,281,225,336,223,163,259,278,256,227,197,221,199,202,221,296,176,283,173,222,370,260,231,238,271,299,308,275,414,207,229,254,324,312,345,177,358,238,156,337,194,174,218,176,203,168,279,249,314,249,209,269,243,304,162,278,151,350,199,186,181,364,277,201,260,266
1/11/2010,238,382,250,200,199,240,275,179,268,245,327,243,163,249,277,268,224,202,227,207,228,233,304,181,293,168,229,371,257,215,247,266,301,297,277,421,171,184,246,311,340,317,168,361,230,176,319,197,157,210,200,193,156,283,253,309,253,207,273,260,294,169,287,157,341,210,192,187,387,251,215,254,274
1/12/2010,257,385,207,214,180,226,274,141,265,229,308,238,148,242,285,274,217,193,241,198,275,248,304,158,290,175,216,374,268,228,256,287,301,267,282,411,193,230,251,328,343,332,184,345,227,151,356,212,160,231,192,214,164,298,263,316,244,209,286,279,303,161,289,139,335,208,184,185,369,275,171,253,261
1/01/2011,249,374,253,NA,200,249,288,173,277,251,326,236,166,242,283,263,238,200,230,199,219,238,301,174,295,NA,245,371,264,223,245,285,304,263,288,427,174,202,246,325,310,357,157,353,234,174,316,201,164,243,182,203,167,291,246,311,244,212,289,230,305,186,280,148,355,211,194,201,382,272,204,257,283
1/02/2011,237,385,238,197,190,227,295,169,265,246,323,242,167,250,287,276,222,204,218,201,249,219,306,162,298,188,213,383,264,239,254,294,309,265,286,419,169,203,251,332,338,337,174,382,238,173,340,195,163,232,176,200,166,290,262,317,250,222,299,282,298,177,297,144,348,204,173,197,380,265,212,339,268
1/03/2011,246,388,259,228,188,239,299,172,249,248,331,245,177,252,284,270,228,204,233,190,222,247,301,183,300,154,231,378,268,229,230,277,307,301,278,381,167,206,235,344,331,317,172,365,230,160,318,201,166,240,164,214,161,292,250,311,241,206,268,249,310,179,289,164,354,203,182,197,384,272,209,262,265
1/04/2011,254,392,248,213,191,237,307,167,256,235,320,230,171,274,283,262,226,203,256,205,215,226,305,172,302,196,229,382,265,230,250,284,307,301,290,404,199,240,245,339,341,352,169,380,240,161,321,199,172,230,175,181,174,295,251,317,257,225,281,264,315,192,279,158,360,220,196,194,369,280,234,251,267
1/05/2011,259,405,250,213,192,240,295,174,243,251,323,248,154,283,291,271,230,198,224,205,217,227,292,183,302,178,217,385,267,232,251,294,308,300,280,433,180,230,245,363,320,354,174,383,229,182,335,198,160,244,180,214,169,296,262,323,249,219,275,274,317,180,301,140,360,218,177,193,366,274,208,261,270
1/06/2011,249,392,261,202,189,226,285,176,253,240,314,233,180,251,286,268,225,209,218,209,255,224,317,154,287,177,229,381,272,212,250,277,305,299,277,429,201,197,245,354,331,350,176,378,235,196,349,195,166,245,175,222,164,284,255,313,237,227,270,246,311,179,285,147,364,217,184,196,363,277,220,268,269
1/07/2011,250,406,253,212,198,237,285,148,245,245,337,248,159,248,283,272,205,206,229,210,218,233,318,167,287,194,213,389,255,241,241,274,307,276,287,456,214,202,237,342,319,351,161,370,240,188,329,200,169,213,185,211,183,286,264,317,244,222,284,256,332,173,286,151,356,221,189,195,345,285,244,243,275
1/08/2011,236,400,256,241,192,225,284,155,271,242,335,243,170,266,280,266,219,204,226,200,250,220,306,157,304,200,230,384,263,224,250,288,304,280,285,410,171,218,240,344,339,293,177,371,241,186,357,197,167,233,205,195,170,303,254,315,243,227,290,250,312,187,293,163,361,201,183,197,363,270,208,265,272
1/09/2011,271,400,237,219,201,227,290,178,299,235,324,238,173,237,283,268,235,203,235,212,229,225,301,169,304,165,236,387,269,228,247,277,307,286,292,436,186,228,234,344,332,347,168,375,237,175,364,225,163,243,193,190,174,295,274,316,251,220,292,267,321,160,291,149,356,216,198,195,368,291,208,256,271
1/10/2011,265,395,263,196,197,237,288,153,298,237,333,251,169,245,278,279,235,192,243,198,208,225,310,170,296,178,217,398,266,224,247,286,304,292,273,442,183,210,222,355,324,342,190,359,237,159,366,208,162,235,182,224,158,281,257,320,242,219,276,268,320,181,279,158,361,192,186,192,370,289,222,276,262
1/11/2011,257,405,239,232,185,221,287,173,297,247,336,254,176,258,282,279,240,193,212,202,250,227,320,172,296,211,222,377,263,224,254,273,308,290,288,410,197,224,249,369,338,335,175,377,244,149,368,203,162,226,192,191,166,294,267,323,253,214,295,266,319,212,267,152,358,206,179,197,362,268,145,265,280
1/12/2011,259,405,237,241,214,247,285,170,270,240,313,247,171,258,289,273,224,207,231,205,241,231,312,175,308,182,235,388,269,233,246,293,312,285,288,439,188,227,258,333,330,355,184,362,239,163,354,204,165,248,181,196,172,286,259,325,253,234,282,262,343,139,303,155,372,222,NA,198,380,270,220,264,270
1/01/2012,254,411,246,206,200,238,301,175,257,249,328,242,186,266,294,271,252,196,207,212,248,230,308,174,304,275,238,391,269,226,247,287,314,298,282,433,194,217,263,343,333,333,193,358,242,158,399,211,171,255,186,222,166,297,271,328,241,236,272,262,329,164,289,131,361,219,192,199,397,274,199,270,273
1/02/2012,284,407,254,213,207,239,305,179,271,244,335,261,167,252,293,284,240,207,243,196,254,214,316,171,307,150,225,395,278,244,253,285,319,320,296,431,178,201,245,339,348,317,163,383,249,175,354,203,162,249,187,185,178,287,266,320,265,209,268,247,328,193,277,165,360,227,190,208,399,271,208,259,276
1/03/2012,266,402,272,227,165,236,319,181,255,241,331,253,174,241,280,279,237,202,246,184,243,231,313,172,296,220,218,395,276,225,256,287,317,300,287,443,186,216,249,340,331,323,178,374,236,171,384,224,162,234,188,198,188,301,256,304,246,217,268,255,329,172,287,162,365,207,222,198,384,279,228,257,272
1/04/2012,269,408,248,221,178,262,309,180,261,244,339,248,170,233,280,285,225,203,232,203,229,251,309,180,302,176,251,399,271,231,258,276,317,299,293,377,196,219,247,365,329,349,182,396,242,180,340,214,174,232,185,206,179,310,289,329,253,226,302,276,337,163,293,140,370,221,198,198,385,282,227,270,272
1/05/2012,273,426,285,221,175,242,312,205,263,250,339,243,168,238,286,274,231,206,268,202,216,239,323,178,304,188,230,395,273,239,250,296,320,295,289,442,193,220,255,371,320,346,179,393,250,164,393,222,165,241,207,217,166,312,272,329,250,228,278,259,356,194,300,163,369,233,179,194,385,271,221,272,273
1/06/2012,261,411,271,218,200,247,322,174,260,255,329,253,165,267,281,268,241,191,267,201,276,230,314,192,295,138,225,401,281,236,250,276,317,310,289,437,178,221,246,351,347,337,175,369,256,189,383,196,160,245,169,185,162,302,267,323,249,232,276,267,353,233,287,156,380,231,192,210,363,274,206,266,271
1/07/2012,268,416,241,230,193,247,311,173,253,243,340,247,171,273,286,289,231,195,247,199,213,218,316,186,305,244,245,402,272,236,259,284,316,287,289,432,187,224,249,360,341,368,171,381,243,208,386,214,165,229,196,205,178,311,278,323,249,238,272,276,364,189,285,151,375,239,192,200,356,273,227,264,280
1/08/2012,262,414,265,231,190,249,312,189,296,252,341,250,162,258,278,273,236,206,218,203,229,247,319,186,314,211,241,395,276,236,249,284,317,286,295,437,218,218,244,366,331,350,177,376,248,166,417,204,165,226,184,222,162,298,265,320,252,239,282,264,349,147,286,158,375,214,191,200,359,276,225,261,283
1/09/2012,260,415,319,241,176,229,335,205,289,239,338,247,167,240,280,287,237,213,249,214,234,248,311,177,290,241,235,403,265,238,251,290,320,288,281,442,211,226,251,366,354,329,180,385,244,178,358,219,169,195,189,209,169,284,282,324,256,237,291,277,351,219,301,159,383,204,190,202,353,280,209,270,274
1/10/2012,286,415,273,215,174,238,327,181,294,252,350,258,181,252,280,274,234,204,240,208,233,242,317,180,303,186,244,411,270,231,256,302,323,295,294,446,201,219,263,361,326,347,188,398,249,164,377,211,172,253,171,226,172,301,285,330,256,248,280,264,346,197,273,162,380,219,187,198,374,270,222,258,282
1/11/2012,276,424,248,222,181,234,329,203,310,245,341,251,153,248,291,272,227,206,269,211,223,243,326,185,287,196,247,404,271,233,243,288,324,290,292,444,194,230,274,357,337,348,182,408,239,170,395,204,163,242,194,208,184,300,265,334,252,225,289,263,368,196,299,164,382,225,NA,203,380,274,249,261,279
1/12/2012,276,406,270,214,192,232,332,195,275,260,339,251,186,251,296,281,232,203,258,194,NA,251,317,187,289,178,230,411,263,234,234,288,322,298,278,471,170,223,270,366,320,343,158,404,247,165,452,199,162,235,192,230,160,305,268,328,249,225,282,304,383,196,296,NA,386,219,204,180,385,274,289,283,287
1/01/2013,275,418,235,254,211,252,339,199,289,250,342,257,161,242,297,288,234,199,292,205,244,227,317,171,290,235,218,414,269,236,251,313,329,299,304,460,190,218,259,379,345,337,167,387,249,166,378,217,177,257,196,211,159,300,276,328,255,243,312,271,390,189,301,157,377,231,198,203,395,283,237,275,283
1/02/2013,278,424,272,260,207,247,346,197,283,245,348,246,186,246,298,283,214,207,185,207,267,241,306,177,318,213,264,411,264,231,270,282,332,296,313,465,189,257,256,378,339,345,191,389,232,168,442,200,167,239,203,182,161,331,260,319,255,255,283,266,388,191,295,146,385,221,193,198,387,276,269,270,269
1/03/2013,296,414,254,250,174,253,340,176,264,251,336,251,164,255,300,275,230,194,268,196,275,242,311,187,291,203,237,408,276,239,240,290,327,296,290,452,191,NA,242,357,326,351,174,404,248,168,416,212,165,237,167,197,176,310,269,315,254,223,285,282,389,235,287,157,384,219,200,198,395,278,225,263,277
1/04/2013,298,418,248,265,187,250,343,194,260,248,349,266,178,279,282,278,241,203,275,210,252,245,314,182,311,154,220,412,282,239,257,288,326,294,313,406,200,228,247,372,350,373,185,387,241,172,358,221,173,246,171,233,171,313,266,326,252,233,303,267,369,206,285,163,376,217,204,194,399,276,223,268,281
1/05/2013,285,426,239,226,188,260,352,191,252,257,358,251,166,238,294,295,230,208,264,213,223,241,316,177,301,186,237,412,279,232,261,293,330,299,307,448,175,219,255,380,333,364,180,405,247,177,385,207,175,251,189,207,167,289,277,338,247,238,291,281,415,216,293,159,389,219,200,194,386,273,232,258,280
1/06/2013,288,426,253,244,181,258,353,183,268,249,348,264,169,258,293,274,246,209,271,209,269,246,325,184,314,237,241,422,278,236,248,285,334,296,310,471,201,220,257,396,362,359,172,413,245,184,412,208,166,239,189,215,164,331,270,326,266,243,286,274,399,201,299,198,390,220,182,196,379,286,226,237,280
1/07/2013,269,424,236,240,202,254,345,201,256,242,362,251,170,252,288,287,233,194,240,208,279,226,304,189,306,214,229,416,278,244,253,292,326,272,304,459,204,220,252,374,330,390,171,409,242,155,436,201,159,244,182,216,168,292,269,330,255,251,289,279,384,205,288,164,391,222,187,187,373,274,240,275,282
1/08/2013,278,420,243,252,186,256,347,180,266,255,355,252,186,231,295,271,225,216,301,209,225,249,327,175,314,NA,238,415,278,229,255,289,328,284,312,443,208,212,251,385,352,355,175,402,240,183,352,213,159,251,174,211,178,314,256,333,259,245,294,285,381,208,286,168,396,220,180,196,375,278,201,250,290
1/09/2013,283,433,228,219,185,238,361,191,282,242,372,253,167,252,297,274,234,206,284,213,231,246,321,164,306,270,229,418,265,250,265,297,331,287,312,453,183,177,260,384,342,331,164,397,244,163,458,212,179,243,202,214,152,314,272,325,264,251,289,275,392,172,297,159,385,231,211,199,375,275,202,271,278
1/10/2013,293,416,243,237,204,258,365,179,315,243,357,261,174,261,300,289,247,207,273,216,272,244,322,180,308,165,247,417,272,238,249,285,332,289,299,464,206,211,264,390,323,373,162,419,252,194,389,218,158,238,194,219,168,308,265,335,255,247,287,266,410,206,297,157,400,233,179,186,376,278,247,254,282
1/11/2013,302,422,242,250,193,251,357,187,317,252,364,257,179,222,304,273,241,208,275,210,234,237,324,159,302,178,225,424,278,241,260,288,336,287,313,466,192,220,275,375,337,368,184,402,243,150,412,225,166,258,186,206,161,308,274,337,258,249,292,274,363,202,308,159,395,222,212,202,370,296,259,256,284
1/12/2013,303,433,242,223,183,270,348,211,311,244,345,253,173,245,300,270,241,198,NA,219,NA,232,341,197,288,207,252,420,290,240,257,307,336,296,339,483,189,240,280,371,338,365,179,401,251,177,417,232,178,232,184,210,170,309,264,337,258,254,318,284,394,202,295,163,385,248,175,199,390,287,217,270,282
1/01/2014,311,429,242,286,179,257,370,195,305,260,376,253,187,240,307,287,233,212,305,217,NA,259,340,162,314,218,249,422,277,241,268,295,342,294,311,468,194,235,258,389,356,367,174,409,250,174,445,219,170,254,190,203,165,305,268,344,258,259,304,283,394,204,311,180,404,242,195,212,410,286,221,264,293
1/02/2014,308,429,245,257,194,269,383,198,301,245,382,259,186,260,312,290,234,208,291,209,292,237,341,173,315,182,231,423,281,237,249,295,346,313,317,469,185,211,259,381,347,384,165,423,254,158,422,212,170,222,186,210,164,319,286,328,263,258,302,282,391,212,290,176,406,242,178,203,422,292,235,264,275
1/03/2014,292,433,255,213,197,264,377,179,269,255,361,241,185,248,304,285,248,206,244,186,230,256,322,171,312,321,249,428,272,239,264,305,341,292,313,443,181,207,256,388,336,367,188,417,249,168,442,207,166,260,193,226,176,309,267,331,272,259,308,267,393,219,308,167,397,218,240,194,402,271,254,268,268
1/04/2014,297,423,250,248,199,283,383,178,280,258,380,252,167,250,292,274,251,217,302,211,255,254,338,190,261,148,254,430,287,251,263,308,340,285,305,435,190,NA,256,376,338,382,207,422,235,175,440,215,173,254,170,193,174,310,272,346,262,254,291,309,423,240,311,160,406,235,186,209,415,294,221,259,283
1/05/2014,300,441,234,259,200,262,385,184,269,242,383,255,199,262,294,282,232,216,256,219,271,224,335,174,312,172,226,430,284,250,263,294,346,297,317,489,194,241,265,384,335,376,185,439,247,185,462,198,170,242,186,217,172,329,273,341,279,270,292,278,401,237,303,167,408,252,208,201,401,300,251,261,282
1/06/2014,305,456,212,290,191,261,381,182,266,254,390,269,176,256,299,283,231,209,272,226,257,273,330,160,311,229,222,433,274,247,276,297,342,315,322,481,200,224,266,398,334,366,181,418,246,175,406,229,173,240,198,216,168,310,270,354,264,257,279,290,420,212,309,NA,399,245,185,200,393,293,245,260,282
1/07/2014,277,440,245,247,198,275,378,197,257,248,363,257,190,236,298,276,239,220,293,212,286,245,337,176,302,196,248,427,287,244,263,294,339,292,302,437,199,187,257,390,343,396,180,429,249,222,431,223,174,246,198,219,188,314,278,346,275,263,300,293,397,237,301,167,417,220,208,204,379,282,254,277,277
1/08/2014,300,435,243,226,197,287,381,191,285,250,371,253,197,268,289,279,262,202,298,200,240,263,322,171,286,240,251,440,273,255,258,291,339,299,316,454,192,191,265,410,346,384,185,416,245,153,428,233,176,241,186,228,169,298,280,338,269,265,293,283,366,204,319,179,413,235,211,206,389,273,222,269,282
1/09/2014,312,435,227,214,190,283,388,175,324,260,388,255,175,240,297,286,242,209,270,215,252,236,324,190,306,200,249,435,281,245,266,288,345,298,317,474,184,215,266,371,334,383,175,446,248,163,397,224,182,255,190,236,174,308,275,345,268,266,311,284,385,244,328,169,412,242,196,201,388,281,232,268,286
1/10/2014,323,443,237,202,209,249,392,195,309,249,385,267,182,252,300,280,235,202,273,212,260,243,335,164,286,185,261,437,286,233,267,294,344,310,309,470,201,213,274,395,350,344,181,428,250,167,461,224,175,255,200,234,170,309,277,345,263,261,296,283,422,206,317,174,419,230,187,207,390,288,256,243,293
1/11/2014,281,452,225,261,194,281,371,200,313,256,390,243,188,250,305,284,250,212,300,210,248,252,314,179,310,215,253,438,282,243,269,291,343,300,306,469,202,226,285,416,370,374,192,443,252,173,440,214,165,205,204,227,171,306,266,352,251,261,282,290,411,235,315,165,422,240,201,197,385,296,309,262,283
1/12/2014,300,455,212,266,215,264,369,218,301,256,373,262,179,244,307,296,252,221,305,205,269,252,330,183,296,NA,248,450,282,255,260,304,353,302,338,496,199,206,272,394,365,376,189,441,256,179,476,231,178,269,195,212,189,340,264,344,280,280,324,286,412,212,328,177,434,231,180,196,412,291,NA,257,278
1/01/2015,292,454,236,281,198,287,394,177,320,254,386,242,186,257,303,287,247,215,285,220,259,255,348,185,314,252,257,445,288,222,268,308,355,316,317,492,205,235,281,398,356,382,186,423,256,175,456,206,179,252,203,216,179,332,279,350,286,261,286,281,394,238,334,202,419,247,200,213,417,301,246,266,293
1/02/2015,307,466,232,248,186,283,397,183,311,256,409,264,193,253,322,292,250,214,274,209,258,250,332,195,292,211,248,456,287,248,280,300,363,306,326,489,192,234,263,396,366,384,193,432,261,150,458,212,193,289,174,230,174,346,289,359,274,267,311,297,413,226,333,193,434,217,169,201,409,300,301,274,283
1/03/2015,316,454,216,244,196,285,384,193,277,251,394,266,195,237,305,290,255,225,245,193,312,274,343,173,309,259,246,454,293,260,281,301,358,290,324,499,192,243,257,425,353,396,180,455,253,179,458,226,177,270,184,179,203,309,293,362,276,267,287,278,430,206,318,171,429,235,207,197,425,313,282,272,291
1/04/2015,335,456,207,253,187,299,376,202,272,262,397,256,177,243,305,291,256,215,318,221,268,274,341,159,311,252,241,439,298,265,273,297,360,305,319,498,218,218,268,409,361,419,187,454,254,177,460,218,186,275,186,247,174,321,253,360,273,287,309,304,403,231,327,168,419,231,193,206,417,306,265,287,297
1/05/2015,325,471,209,252,208,278,377,177,270,269,411,274,179,247,306,284,268,225,283,225,258,266,350,182,315,267,283,453,293,236,283,317,358,312,316,492,198,223,256,425,368,435,175,448,259,214,470,224,167,247,231,230,172,328,289,363,283,283,302,285,427,264,336,166,434,251,180,211,385,303,271,284,289
1/06/2015,308,471,199,254,230,291,376,197,270,257,399,266,167,257,307,290,240,221,357,224,295,281,345,189,316,218,267,455,289,258,273,293,360,302,308,499,200,205,274,434,366,406,189,460,268,182,435,222,180,227,183,215,173,321,279,370,289,270,299,309,415,262,317,162,432,239,196,207,415,305,302,283,297
1/07/2015,284,470,205,275,185,291,366,192,277,258,405,276,170,252,305,275,253,225,307,214,NA,273,346,181,311,212,265,464,294,244,277,309,359,318,328,493,210,205,255,440,345,429,184,455,265,227,449,240,182,269,202,204,200,329,281,373,276,282,307,284,395,232,339,196,435,208,220,214,388,317,198,273,302
1/08/2015,302,466,219,242,203,275,364,193,296,256,406,266,199,253,303,297,252,219,308,217,258,257,324,168,312,217,244,464,285,257,280,307,357,312,321,517,201,214,275,433,357,420,176,474,254,166,446,226,191,286,202,223,182,307,268,380,290,267,299,305,382,230,335,165,436,229,188,214,395,299,228,269,304
1/09/2015,321,472,178,267,202,297,356,200,311,273,396,259,159,229,318,288,253,225,304,218,251,289,345,193,304,250,246,474,293,269,290,304,358,319,320,493,205,204,287,455,349,310,188,458,265,204,414,235,176,256,202,240,174,329,285,378,255,283,314,292,392,257,330,188,446,217,190,207,375,328,237,269,298
1/10/2015,298,478,191,242,193,282,365,216,340,259,423,274,189,260,315,295,262,221,266,220,239,276,337,190,309,266,267,478,289,256,283,315,365,320,339,513,220,211,287,439,350,422,169,453,270,185,418,222,187,283,196,229,174,322,267,374,275,274,291,318,392,236,318,173,452,248,184,200,380,304,235,273,305
1/11/2015,320,476,183,263,206,285,355,199,332,263,422,262,219,245,322,292,262,213,222,222,318,288,333,162,320,267,269,480,298,251,280,312,364,323,325,532,195,225,286,411,354,432,176,468,265,176,455,218,202,246,208,230,172,333,274,381,263,274,301,296,402,234,337,196,442,247,225,222,403,313,251,287,314
1/12/2015,310,471,179,248,210,314,356,191,311,273,417,272,203,263,318,296,252,234,336,219,236,277,355,194,331,214,264,469,296,255,283,300,364,330,316,509,214,238,284,422,373,432,195,464,277,177,380,226,196,246,231,225,188,322,279,393,284,284,291,297,388,222,351,179,445,254,197,212,403,333,220,293,318
1/01/2016,307,477,188,272,212,311,376,197,323,259,420,270,188,268,335,322,254,227,285,220,298,263,339,170,322,258,254,470,293,255,297,304,368,318,332,511,204,235,275,430,378,403,171,459,275,193,453,235,188,263,198,236,176,340,296,402,288,277,300,301,416,213,269,175,442,226,195,211,419,296,208,264,317
1/02/2016,314,496,210,240,187,283,391,200,320,274,412,264,178,265,324,300,253,221,289,200,NA,273,360,201,324,196,281,459,293,247,277,315,377,315,336,516,212,239,272,456,397,483,187,478,282,184,418,241,212,270,201,206,189,334,291,384,290,272,312,328,392,235,338,176,440,250,210,218,432,350,192,295,321
1/03/2016,301,480,197,273,232,287,366,184,289,274,423,267,187,262,331,303,277,232,288,204,247,310,356,172,327,255,244,472,302,246,287,318,374,331,319,530,251,221,270,442,363,461,198,465,268,167,459,224,202,257,212,216,178,312,286,394,299,263,321,313,376,213,319,197,449,238,197,221,427,321,261,273,313
1/04/2016,320,482,197,266,220,311,359,215,290,271,434,260,185,244,317,306,252,232,322,232,289,288,353,196,314,274,274,474,301,264,293,308,374,308,321,519,172,227,268,449,357,443,165,483,276,183,454,235,193,299,237,213,178,355,296,408,300,270,325,324,410,238,366,207,455,260,190,231,435,346,260,272,312
1/05/2016,317,500,194,282,223,315,363,231,272,266,441,283,212,256,339,303,275,235,286,229,245,285,373,191,319,269,268,474,294,271,286,331,379,341,328,498,219,235,279,448,374,481,183,467,283,177,468,231,195,288,187,220,177,340,291,410,293,270,295,317,389,204,354,165,452,257,220,214,423,335,242,275,319
1/06/2016,325,479,178,256,229,313,357,197,288,279,432,278,181,254,325,307,271,234,302,223,271,279,365,207,321,301,295,478,312,252,276,328,372,298,311,517,206,218,277,438,355,487,195,503,283,233,404,224,198,336,215,232,161,323,298,418,298,280,325,310,395,219,341,181,464,232,187,216,413,360,250,295,321
1/07/2016,286,488,192,273,212,337,349,234,260,273,427,277,194,288,330,315,284,236,272,235,258,302,358,220,328,274,259,484,302,268,292,335,373,335,321,514,222,257,272,455,422,494,182,488,287,223,431,214,206,273,194,247,183,330,287,409,305,277,317,324,394,221,326,175,453,255,235,224,402,352,259,288,322
1/08/2016,289,481,186,272,222,320,354,196,292,281,446,282,183,264,342,302,270,239,261,220,345,299,371,170,343,280,278,478,311,269,306,321,377,309,323,521,213,253,282,436,400,503,204,487,296,194,415,232,194,313,197,203,186,333,308,408,312,293,298,325,380,237,346,176,468,250,214,222,406,363,229,292,324
1/09/2016,308,479,186,264,246,321,354,220,319,283,415,273,211,269,330,313,291,243,343,232,259,278,358,172,333,245,249,480,300,262,307,322,373,324,320,538,223,233,286,464,367,462,177,499,288,168,437,210,205,293,221,240,183,324,299,408,294,281,316,341,386,237,349,192,468,255,213,223,396,350,244,287,328
1/10/2016,319,495,183,270,234,353,360,213,338,290,442,288,207,236,333,313,289,257,267,230,242,292,375,152,344,199,271,487,317,269,320,325,384,308,318,534,219,255,309,462,405,492,206,483,299,196,445,220,200,284,219,227,184,348,300,409,310,274,307,336,393,244,361,195,470,276,213,232,398,354,246,302,328
1/11/2016,326,493,210,277,229,347,353,229,329,288,450,281,204,266,349,317,300,252,268,235,207,333,369,199,347,254,277,476,308,267,310,342,383,318,313,525,228,246,295,453,377,459,205,509,294,191,428,246,207,324,211,225,191,323,287,417,321,276,326,325,394,223,373,182,463,268,216,222,404,352,264,304,322
1/12/2016,313,507,190,NA,231,362,351,206,343,300,465,275,225,240,345,333,285,250,306,231,249,290,375,189,310,265,284,474,328,275,305,333,389,364,317,527,218,NA,297,460,412,518,187,509,312,220,447,236,209,296,206,227,197,352,257,413,322,272,313,325,379,215,368,220,457,281,193,215,445,343,233,286,354
1/01/2017,329,488,186,247,257,355,354,257,359,281,437,269,205,262,340,343,299,241,340,244,309,286,365,206,347,265,246,471,312,288,329,340,384,302,331,550,239,251,298,459,399,503,169,520,292,197,433,221,219,250,203,235,198,335,323,390,298,289,353,367,383,254,341,190,463,289,189,227,433,410,284,302,332
1/02/2017,300,514,206,280,237,334,367,146,315,284,432,269,196,258,352,303,278,243,289,222,282,313,332,210,347,252,289,482,322,284,322,370,393,324,318,547,214,261,289,439,415,501,188,507,306,204,468,234,207,347,231,247,188,330,328,424,322,299,336,345,374,227,369,213,469,283,NA,214,461,371,232,283,344
1/03/2017,316,492,208,257,240,325,358,214,302,291,435,275,200,237,356,319,287,262,280,211,318,329,362,179,353,228,272,492,328,263,304,358,392,297,328,532,236,233,280,472,358,527,208,517,292,203,427,226,199,329,218,223,191,340,321,412,349,278,364,336,385,220,370,198,479,268,200,233,444,379,247,343,355
1/04/2017,301,496,196,275,217,364,353,211,297,298,423,271,189,250,351,330,307,268,280,244,294,315,359,200,338,392,257,492,317,281,312,349,390,356,334,530,238,234,283,484,362,533,211,500,289,213,421,246,206,350,224,229,193,349,296,411,302,286,309,343,374,226,372,186,476,253,198,234,467,357,199,279,341
1/05/2017,313,521,204,269,236,360,343,218,301,303,444,274,214,264,358,337,294,234,319,238,423,343,372,200,368,361,275,472,322,269,335,362,394,336,324,517,246,263,297,480,407,524,207,507,302,193,451,240,231,321,234,229,191,364,320,427,334,301,330,357,392,249,358,172,478,254,191,238,438,383,258,316,343
1/06/2017,320,502,191,286,222,345,341,252,322,301,437,281,197,261,357,337,293,255,311,240,398,338,370,192,344,349,288,491,327,289,325,370,391,311,322,541,236,238,301,499,400,541,238,517,323,219,439,225,219,321,212,233,216,363,314,428,332,297,350,319,385,251,373,163,487,253,205,247,441,356,175,283,352
1/07/2017,323,508,199,323,217,346,331,232,296,308,445,293,225,250,356,331,313,267,344,236,294,267,395,197,368,NA,255,481,317,273,336,347,397,305,326,542,NA,291,297,475,418,524,205,498,301,208,427,235,214,349,227,222,191,356,310,435,343,287,344,356,349,255,365,NA,485,263,223,234,418,379,234,268,351
1/08/2017,320,507,193,305,242,352,339,220,333,312,444,290,220,257,349,337,306,256,330,235,394,324,385,200,368,289,263,486,311,272,330,358,391,333,323,540,242,253,289,481,448,528,218,517,310,174,419,225,219,337,216,245,196,349,315,427,314,291,343,345,401,229,383,214,488,283,203,242,415,374,284,278,360
1/09/2017,322,484,185,298,240,359,325,229,326,308,455,294,222,248,356,347,297,257,310,235,364,351,349,179,363,267,295,494,328,287,323,356,389,327,325,547,223,270,311,479,406,523,224,499,309,168,433,242,231,340,221,219,181,348,325,418,305,285,361,344,394,236,372,193,484,268,209,215,427,389,227,284,350
1/10/2017,319,504,183,278,230,374,341,221,361,313,456,258,220,258,350,332,303,274,310,241,271,334,363,222,362,274,283,488,320,296,324,348,394,347,322,538,213,277,322,459,404,503,216,513,317,201,447,237,246,331,237,247,201,362,325,439,330,295,349,359,378,268,378,225,483,254,221,230,427,384,255,316,349
1/11/2017,320,509,228,258,255,366,336,208,324,318,461,258,218,246,366,342,318,285,278,234,269,356,369,177,360,NA,300,489,355,295,335,372,399,347,339,545,240,292,311,473,423,502,228,527,328,205,428,239,234,331,207,240,203,365,300,425,317,279,329,341,355,234,383,202,493,230,194,246,432,377,237,291,362
1/12/2017,307,517,188,270,257,321,344,258,376,286,458,289,239,272,352,375,296,253,297,241,418,315,348,216,366,NA,310,511,338,292,351,359,408,316,312,580,260,228,302,483,418,503,234,541,324,224,466,242,247,313,227,254,207,364,338,439,313,300,354,336,387,243,379,192,487,257,NA,255,489,383,264,292,369
1/01/2018,303,512,186,258,240,364,345,249,342,314,461,297,243,246,366,345,323,274,338,244,331,339,370,196,395,451,284,503,337,286,330,369,404,347,331,558,224,259,313,480,445,557,212,536,321,253,413,257,238,314,236,223,209,365,319,436,352,286,390,347,383,243,382,212,488,281,237,256,468,391,305,297,368
1/02/2018,323,514,197,339,279,369,365,225,331,311,478,283,217,250,366,344,307,258,277,241,501,316,383,218,411,187,289,506,357,283,329,383,410,351,348,574,233,213,282,501,463,530,232,522,335,217,440,234,215,340,220,218,211,389,326,439,315,313,373,346,374,262,413,217,493,261,246,265,499,377,179,311,371
1/03/2018,322,511,208,288,245,362,365,247,299,318,465,298,218,238,355,349,306,280,306,242,394,324,370,239,381,283,281,515,331,309,334,384,411,326,320,557,243,272,283,484,452,549,186,544,335,195,447,256,223,333,220,236,201,356,346,423,321,305,351,348,383,247,375,200,504,255,206,249,483,404,220,285,362
1/04/2018,320,514,186,330,209,374,345,223,326,312,453,310,245,249,367,352,331,285,288,244,495,331,408,238,369,256,284,491,356,307,344,390,409,346,334,561,247,275,306,492,439,531,216,532,327,228,433,245,237,315,273,230,243,346,332,454,350,301,373,376,383,226,395,218,498,264,225,264,472,393,266,309,361
1/05/2018,310,522,202,310,232,369,353,229,303,328,455,309,240,273,364,361,318,271,288,250,271,333,392,181,370,360,263,505,358,308,344,390,412,349,341,540,228,282,304,488,398,590,210,514,334,225,417,258,249,363,237,269,227,362,345,445,346,304,373,380,385,239,392,NA,496,294,NA,254,458,417,273,328,375
1/06/2018,311,510,224,316,263,396,342,250,346,308,466,289,205,255,367,356,313,280,297,251,NA,350,394,205,380,254,294,498,336,293,332,394,409,357,328,568,284,245,310,494,427,551,236,520,358,214,390,242,240,351,251,259,222,367,320,456,357,297,393,345,372,252,399,250,495,263,241,277,445,396,291,286,378
1/07/2018,327,511,199,341,297,361,339,249,323,313,476,293,217,262,373,366,325,295,319,239,266,347,368,200,412,362,294,510,336,290,336,393,406,332,323,564,267,281,295,479,442,588,210,513,338,234,412,254,244,350,220,247,214,355,354,457,344,293,403,356,388,229,394,239,493,286,197,264,439,403,230,332,326
